kotlin version: 2.2.10
error message: org.jetbrains.kotlin.codegen.CompilationException: Back-end (JVM) Internal error: Couldn't transform method node:
TodoEditorDialog$lambda$151$lambda$150 (Lcom/muddassir/clearview/todo/model/TodoItem;Lkotlin/jvm/functions/Function0;Ljava/time/LocalDate;Lkotlin/jvm/functions/Function1;Landroidx/activity/compose/ManagedActivityResultLauncher;Landroidx/activity/compose/ManagedActivityResultLauncher;Landroidx/compose/runtime/MutableState;Landroidx/compose/runtime/MutableState;Landroidx/compose/runtime/MutableState;Landroidx/compose/runtime/MutableState;Landroidx/compose/runtime/MutableState;Landroidx/compose/runtime/MutableState;Landroidx/compose/runtime/MutableState;Landroidx/compose/runtime/MutableState;Landroidx/compose/runtime/MutableState;Landroidx/compose/runtime/MutableState;Landroidx/compose/runtime/MutableState;Landroidx/compose/runtime/MutableState;Landroidx/compose/runtime/MutableState;Landroidx/compose/runtime/MutableState;Landroidx/compose/runtime/MutableState;Landroidx/compose/runtime/MutableState;Landroidx/compose/runtime/MutableState;Landroidx/compose/runtime/MutableState;Landroidx/compose/runtime/MutableState;Landroidx/compose/runtime/MutableState;Landroidx/compose/runtime/MutableState;Landroidx/compose/runtime/MutableState;Landroidx/compose/runtime/MutableState;Landroidx/compose/runtime/MutableState;Landroidx/compose/runtime/Composer;I)Lkotlin/Unit;:
  @Landroidx/compose/runtime/Composable;() // invisible
  @Landroidx/compose/runtime/ComposableTarget;(applier="androidx.compose.ui.UiComposable") // invisible
    // annotable parameter count: 32 (visible)
    // annotable parameter count: 32 (invisible)
   L0
    ALOAD 30
    LDC "C379@16973L20030:TodoEditor.kt#sr0y55"
    INVOKESTATIC androidx/compose/runtime/ComposerKt.sourceInformation (Landroidx/compose/runtime/Composer;Ljava/lang/String;)V
    ALOAD 30
    ILOAD 31
    ICONST_3
    IAND
    ICONST_2
    IF_ICMPEQ L1
    ICONST_1
    GOTO L2
   L1
    ICONST_0
   L2
    ILOAD 31
    ICONST_1
    IAND
    INVOKEINTERFACE androidx/compose/runtime/Composer.shouldExecute (ZI)Z (itf)
    IFEQ L3
    INVOKESTATIC androidx/compose/runtime/ComposerKt.isTraceInProgress ()Z
    IFEQ L4
    LDC -672611071
    ILOAD 31
    ICONST_M1
    LDC "com.muddassir.clearview.todo.ui.TodoEditorDialog.<anonymous>.<anonymous> (TodoEditor.kt:379)"
    INVOKESTATIC androidx/compose/runtime/ComposerKt.traceEventStart (IIILjava/lang/String;)V
   L4
    LINENUMBER 381 L4
    GETSTATIC androidx/compose/ui/Modifier.Companion : Landroidx/compose/ui/Modifier$Companion;
    CHECKCAST androidx/compose/ui/Modifier
   L5
    LINENUMBER 382 L5
    FCONST_0
    ICONST_1
    ACONST_NULL
    INVOKESTATIC androidx/compose/foundation/layout/SizeKt.fillMaxSize$default (Landroidx/compose/ui/Modifier;FILjava/lang/Object;)Landroidx/compose/ui/Modifier;
   L6
    LINENUMBER 383 L6
    INVOKESTATIC androidx/compose/foundation/layout/WindowInsetsPadding_androidKt.statusBarsPadding (Landroidx/compose/ui/Modifier;)Landroidx/compose/ui/Modifier;
   L7
    LINENUMBER 384 L7
    INVOKESTATIC androidx/compose/foundation/layout/WindowInsetsPadding_androidKt.navigationBarsPadding (Landroidx/compose/ui/Modifier;)Landroidx/compose/ui/Modifier;
    ASTORE 32
    ALOAD 30
    ASTORE 35
    ICONST_0
    ISTORE 36
   L8
    LINENUMBER 380 L8
    NOP
   L9
    ICONST_0
    ISTORE 37
   L10
    ALOAD 35
    LDC 1341605231
    LDC "CC(Column)N(modifier,verticalArrangement,horizontalAlignment,content)87@4443L61,88@4509L134:Column.kt#2w3rfo"
   L11
    LINENUMBER 2038 L11
    INVOKESTATIC androidx/compose/runtime/ComposerKt.sourceInformationMarkerStart (Landroidx/compose/runtime/Composer;ILjava/lang/String;)V
   L12
    LINENUMBER 2039 L12
    GETSTATIC androidx/compose/foundation/layout/Arrangement.INSTANCE : Landroidx/compose/foundation/layout/Arrangement;
    INVOKEVIRTUAL androidx/compose/foundation/layout/Arrangement.getTop ()Landroidx/compose/foundation/layout/Arrangement$Vertical;
    ASTORE 33
   L13
    LINENUMBER 2040 L13
    GETSTATIC androidx/compose/ui/Alignment.Companion : Landroidx/compose/ui/Alignment$Companion;
    INVOKEVIRTUAL androidx/compose/ui/Alignment$Companion.getStart ()Landroidx/compose/ui/Alignment$Horizontal;
    ASTORE 34
   L14
    LINENUMBER 2043 L14
    ALOAD 33
    ALOAD 34
    ALOAD 35
    BIPUSH 14
    ILOAD 36
    ICONST_3
    ISHR
    IAND
    BIPUSH 112
    ILOAD 36
    ICONST_3
    ISHR
    IAND
    IOR
    INVOKESTATIC androidx/compose/foundation/layout/ColumnKt.columnMeasurePolicy (Landroidx/compose/foundation/layout/Arrangement$Vertical;Landroidx/compose/ui/Alignment$Horizontal;Landroidx/compose/runtime/Composer;I)Landroidx/compose/ui/layout/MeasurePolicy;
    ASTORE 38
   L15
    LINENUMBER 2047 L15
    ALOAD 32
    ASTORE 39
   L16
    LINENUMBER 2046 L16
    ALOAD 38
    ASTORE 40
    ALOAD 35
    ASTORE 41
    BIPUSH 112
    ILOAD 36
    ICONST_3
    ISHL
    IAND
    ISTORE 42
   L17
    LINENUMBER 2044 L17
    NOP
   L18
    ICONST_0
    ISTORE 43
   L19
    ALOAD 41
    LDC -1159599143
    LDC "CC(Layout)P(!1,2)81@3355L27,84@3521L416:Layout.kt#80mrfh"
   L20
    LINENUMBER 2048 L20
    INVOKESTATIC androidx/compose/runtime/ComposerKt.sourceInformationMarkerStart (Landroidx/compose/runtime/Composer;ILjava/lang/String;)V
   L21
    LINENUMBER 2049 L21
    ALOAD 41
    ICONST_0
    INVOKESTATIC androidx/compose/runtime/ComposablesKt.getCurrentCompositeKeyHashCode (Landroidx/compose/runtime/Composer;I)J
    INVOKESTATIC java/lang/Long.hashCode (J)I
    ISTORE 44
   L22
    ALOAD 41
   L23
    LINENUMBER 2050 L23
    INVOKEINTERFACE androidx/compose/runtime/Composer.getCurrentCompositionLocalMap ()Landroidx/compose/runtime/CompositionLocalMap; (itf)
    ASTORE 45
   L24
    ALOAD 41
   L25
    LINENUMBER 2051 L25
    ALOAD 39
    INVOKESTATIC androidx/compose/ui/ComposedModifierKt.materializeModifier (Landroidx/compose/runtime/Composer;Landroidx/compose/ui/Modifier;)Landroidx/compose/ui/Modifier;
    ASTORE 46
   L26
    LINENUMBER 2053 L26
    GETSTATIC androidx/compose/ui/node/ComposeUiNode.Companion : Landroidx/compose/ui/node/ComposeUiNode$Companion;
    INVOKEVIRTUAL androidx/compose/ui/node/ComposeUiNode$Companion.getConstructor ()Lkotlin/jvm/functions/Function0;
    ASTORE 47
    ALOAD 41
    ASTORE 48
    BIPUSH 6
    SIPUSH 896
    ILOAD 42
    BIPUSH 6
    ISHL
    IAND
    IOR
    ISTORE 49
   L27
    LINENUMBER 2052 L27
    NOP
   L28
    ICONST_0
    ISTORE 50
   L29
    ALOAD 48
    LDC -553112988
    LDC "CC(ReusableComposeNode)N(factory,update,content)399@15590L9:Composables.kt#9igjgp"
   L30
    LINENUMBER 2054 L30
    INVOKESTATIC androidx/compose/runtime/ComposerKt.sourceInformationMarkerStart (Landroidx/compose/runtime/Composer;ILjava/lang/String;)V
   L31
    LINENUMBER 2055 L31
    ALOAD 48
    INVOKEINTERFACE androidx/compose/runtime/Composer.getApplier ()Landroidx/compose/runtime/Applier; (itf)
    INSTANCEOF androidx/compose/runtime/Applier
    IFNE L32
    INVOKESTATIC androidx/compose/runtime/ComposablesKt.invalidApplier ()V
   L32
    ALOAD 48
   L33
    LINENUMBER 2056 L33
    INVOKEINTERFACE androidx/compose/runtime/Composer.startReusableNode ()V (itf)
   L34
    LINENUMBER 2057 L34
    ALOAD 48
    INVOKEINTERFACE androidx/compose/runtime/Composer.getInserting ()Z (itf)
    IFEQ L35
    ALOAD 48
   L36
    LINENUMBER 2058 L36
    ALOAD 47
    INVOKEINTERFACE androidx/compose/runtime/Composer.createNode (Lkotlin/jvm/functions/Function0;)V (itf)
    GOTO L37
   L35
    ALOAD 48
   L38
    LINENUMBER 2060 L38
    INVOKEINTERFACE androidx/compose/runtime/Composer.useNode ()V (itf)
   L37
    LINENUMBER 2062 L37
    ALOAD 48
    INVOKESTATIC androidx/compose/runtime/Updater.constructor-impl (Landroidx/compose/runtime/Composer;)Landroidx/compose/runtime/Composer;
    ASTORE 51
   L39
    ICONST_0
    ISTORE 52
   L40
    LINENUMBER 2063 L40
    ALOAD 51
    ALOAD 40
    GETSTATIC androidx/compose/ui/node/ComposeUiNode.Companion : Landroidx/compose/ui/node/ComposeUiNode$Companion;
    INVOKEVIRTUAL androidx/compose/ui/node/ComposeUiNode$Companion.getSetMeasurePolicy ()Lkotlin/jvm/functions/Function2;
    INVOKESTATIC androidx/compose/runtime/Updater.set-impl (Landroidx/compose/runtime/Composer;Ljava/lang/Object;Lkotlin/jvm/functions/Function2;)V
   L41
    LINENUMBER 2064 L41
    ALOAD 51
    ALOAD 45
    GETSTATIC androidx/compose/ui/node/ComposeUiNode.Companion : Landroidx/compose/ui/node/ComposeUiNode$Companion;
    INVOKEVIRTUAL androidx/compose/ui/node/ComposeUiNode$Companion.getSetResolvedCompositionLocals ()Lkotlin/jvm/functions/Function2;
    INVOKESTATIC androidx/compose/runtime/Updater.set-impl (Landroidx/compose/runtime/Composer;Ljava/lang/Object;Lkotlin/jvm/functions/Function2;)V
   L42
    LINENUMBER 2065 L42
    ALOAD 51
    ILOAD 44
    INVOKESTATIC java/lang/Integer.valueOf (I)Ljava/lang/Integer;
    GETSTATIC androidx/compose/ui/node/ComposeUiNode.Companion : Landroidx/compose/ui/node/ComposeUiNode$Companion;
    INVOKEVIRTUAL androidx/compose/ui/node/ComposeUiNode$Companion.getSetCompositeKeyHash ()Lkotlin/jvm/functions/Function2;
    INVOKESTATIC androidx/compose/runtime/Updater.init-impl (Landroidx/compose/runtime/Composer;Ljava/lang/Object;Lkotlin/jvm/functions/Function2;)V
   L43
    LINENUMBER 2066 L43
    ALOAD 51
    GETSTATIC androidx/compose/ui/node/ComposeUiNode.Companion : Landroidx/compose/ui/node/ComposeUiNode$Companion;
    INVOKEVIRTUAL androidx/compose/ui/node/ComposeUiNode$Companion.getApplyOnDeactivatedNodeAssertion ()Lkotlin/jvm/functions/Function1;
    INVOKESTATIC androidx/compose/runtime/Updater.reconcile-impl (Landroidx/compose/runtime/Composer;Lkotlin/jvm/functions/Function1;)V
   L44
    LINENUMBER 2067 L44
    ALOAD 51
    ALOAD 46
    GETSTATIC androidx/compose/ui/node/ComposeUiNode.Companion : Landroidx/compose/ui/node/ComposeUiNode$Companion;
    INVOKEVIRTUAL androidx/compose/ui/node/ComposeUiNode$Companion.getSetModifier ()Lkotlin/jvm/functions/Function2;
    INVOKESTATIC androidx/compose/runtime/Updater.set-impl (Landroidx/compose/runtime/Composer;Ljava/lang/Object;Lkotlin/jvm/functions/Function2;)V
   L45
    LINENUMBER 2068 L45
    NOP
   L46
    LINENUMBER 2062 L46
    NOP
   L47
    LINENUMBER 2069 L47
    ALOAD 48
    BIPUSH 14
    ILOAD 49
    BIPUSH 6
    ISHR
    IAND
    ISTORE 53
    ASTORE 54
   L48
    ICONST_0
    ISTORE 55
   L49
    ALOAD 54
    LDC 2093002350
    LDC "C89@4557L9:Column.kt#2w3rfo"
   L50
    LINENUMBER 2045 L50
    INVOKESTATIC androidx/compose/runtime/ComposerKt.sourceInformationMarkerStart (Landroidx/compose/runtime/Composer;ILjava/lang/String;)V
    GETSTATIC androidx/compose/foundation/layout/ColumnScopeInstance.INSTANCE : Landroidx/compose/foundation/layout/ColumnScopeInstance;
    ALOAD 54
    BIPUSH 6
    BIPUSH 112
    ILOAD 36
    BIPUSH 6
    ISHR
    IAND
    IOR
    INVOKESTATIC java/lang/Integer.valueOf (I)Ljava/lang/Integer;
    CHECKCAST java/lang/Number
    INVOKEVIRTUAL java/lang/Number.intValue ()I
    ISTORE 56
    CHECKCAST androidx/compose/runtime/Composer
    ASTORE 57
    CHECKCAST androidx/compose/foundation/layout/ColumnScope
    ASTORE 58
    INVOKESTATIC kotlin/jvm/internal/InlineMarker.beforeInlineCall ()V
   L51
    ICONST_0
    ISTORE 59
   L52
    ALOAD 57
    LDC -44244851
    LDC "C386@17212L124,389@17369L166,385@17170L423,399@17735L21,396@17611L19116,745@36980L8,745@36957L32:TodoEditor.kt#sr0y55"
   L53
    LINENUMBER 386 L53
    INVOKESTATIC androidx/compose/runtime/ComposerKt.sourceInformationMarkerStart (Landroidx/compose/runtime/Composer;ILjava/lang/String;)V
   L54
    LINENUMBER 388 L54
    ALOAD 0
    IFNONNULL L55
    GETSTATIC com/muddassir/clearview/R$string.todo_add : I
    GOTO L56
   L55
    GETSTATIC com/muddassir/clearview/R$string.todo_edit : I
   L56
    ALOAD 57
    ICONST_0
   L57
    LINENUMBER 387 L57
    INVOKESTATIC androidx/compose/ui/res/StringResources_androidKt.stringResource (ILandroidx/compose/runtime/Composer;I)Ljava/lang/String;
   L58
    LINENUMBER 391 L58
    ALOAD 0
    IFNONNULL L59
    GETSTATIC com/muddassir/clearview/R$string.todo_new_subtitle : I
    GOTO L60
   L59
    LINENUMBER 392 L59
    GETSTATIC com/muddassir/clearview/R$string.todo_edit_subtitle : I
   L60
    ALOAD 57
    ICONST_0
   L61
    LINENUMBER 390 L61
    INVOKESTATIC androidx/compose/ui/res/StringResources_androidKt.stringResource (ILandroidx/compose/runtime/Composer;I)Ljava/lang/String;
   L62
    LINENUMBER 394 L62
    ALOAD 1
    ALOAD 57
    ICONST_0
   L63
    LINENUMBER 386 L63
    INVOKESTATIC com/muddassir/clearview/todo/ui/TodoEditorKt.EditorTopBar (Ljava/lang/String;Ljava/lang/String;Lkotlin/jvm/functions/Function0;Landroidx/compose/runtime/Composer;I)V
   L64
    LINENUMBER 398 L64
    ALOAD 58
    GETSTATIC androidx/compose/ui/Modifier.Companion : Landroidx/compose/ui/Modifier$Companion;
    CHECKCAST androidx/compose/ui/Modifier
   L65
    LINENUMBER 399 L65
    FCONST_1
    ICONST_0
    ICONST_2
    ACONST_NULL
    INVOKESTATIC androidx/compose/foundation/layout/ColumnScope.weight$default (Landroidx/compose/foundation/layout/ColumnScope;Landroidx/compose/ui/Modifier;FZILjava/lang/Object;)Landroidx/compose/ui/Modifier; (itf)
    ICONST_0
    ALOAD 57
    ICONST_0
    ICONST_1
   L66
    LINENUMBER 400 L66
    INVOKESTATIC androidx/compose/foundation/ScrollKt.rememberScrollState (ILandroidx/compose/runtime/Composer;II)Landroidx/compose/foundation/ScrollState;
    ICONST_0
    ACONST_NULL
    ICONST_0
    BIPUSH 14
    ACONST_NULL
    INVOKESTATIC androidx/compose/foundation/ScrollKt.verticalScroll$default (Landroidx/compose/ui/Modifier;Landroidx/compose/foundation/ScrollState;ZLandroidx/compose/foundation/gestures/FlingBehavior;ZILjava/lang/Object;)Landroidx/compose/ui/Modifier;
   L67
    LINENUMBER 401 L67
    BIPUSH 16
    ISTORE 60
   L68
    ICONST_0
    ISTORE 61
   L69
    LINENUMBER 2070 L69
    ILOAD 60
    I2F
    INVOKESTATIC androidx/compose/ui/unit/Dp.constructor-impl (F)F
    GOTO L70
   L70
    LINENUMBER 401 L70
    FCONST_0
    ICONST_2
    ACONST_NULL
    INVOKESTATIC androidx/compose/foundation/layout/PaddingKt.padding-VpY3zN4$default (Landroidx/compose/ui/Modifier;FFILjava/lang/Object;)Landroidx/compose/ui/Modifier;
   L71
    LINENUMBER 402 L71
    FCONST_0
    BIPUSH 6
    ISTORE 60
   L72
    ICONST_0
    ISTORE 61
   L73
    LINENUMBER 2071 L73
    ILOAD 60
    I2F
    INVOKESTATIC androidx/compose/ui/unit/Dp.constructor-impl (F)F
    GOTO L74
   L74
    LINENUMBER 402 L74
    FCONST_0
    BIPUSH 12
    ISTORE 60
   L75
    ICONST_0
    ISTORE 61
   L76
    LINENUMBER 2071 L76
    ILOAD 60
    I2F
    INVOKESTATIC androidx/compose/ui/unit/Dp.constructor-impl (F)F
    GOTO L77
   L77
    LINENUMBER 402 L77
    ICONST_5
    ACONST_NULL
    INVOKESTATIC androidx/compose/foundation/layout/PaddingKt.padding-qDBjuR0$default (Landroidx/compose/ui/Modifier;FFFFILjava/lang/Object;)Landroidx/compose/ui/Modifier;
    ASTORE 60
    ALOAD 57
    ASTORE 62
    ICONST_0
    ISTORE 63
   L78
    LINENUMBER 397 L78
    NOP
   L79
    ICONST_0
    ISTORE 64
   L80
    ALOAD 62
    LDC 1341605231
    LDC "CC(Column)N(modifier,verticalArrangement,horizontalAlignment,content)87@4443L61,88@4509L134:Column.kt#2w3rfo"
   L81
    LINENUMBER 2072 L81
    INVOKESTATIC androidx/compose/runtime/ComposerKt.sourceInformationMarkerStart (Landroidx/compose/runtime/Composer;ILjava/lang/String;)V
   L82
    LINENUMBER 2073 L82
    GETSTATIC androidx/compose/foundation/layout/Arrangement.INSTANCE : Landroidx/compose/foundation/layout/Arrangement;
    INVOKEVIRTUAL androidx/compose/foundation/layout/Arrangement.getTop ()Landroidx/compose/foundation/layout/Arrangement$Vertical;
    ASTORE 61
   L83
    LINENUMBER 2074 L83
    GETSTATIC androidx/compose/ui/Alignment.Companion : Landroidx/compose/ui/Alignment$Companion;
    INVOKEVIRTUAL androidx/compose/ui/Alignment$Companion.getStart ()Landroidx/compose/ui/Alignment$Horizontal;
    ASTORE 65
   L84
    LINENUMBER 2077 L84
    ALOAD 61
    ALOAD 65
    ALOAD 62
    BIPUSH 14
    ILOAD 63
    ICONST_3
    ISHR
    IAND
    BIPUSH 112
    ILOAD 63
    ICONST_3
    ISHR
    IAND
    IOR
    INVOKESTATIC androidx/compose/foundation/layout/ColumnKt.columnMeasurePolicy (Landroidx/compose/foundation/layout/Arrangement$Vertical;Landroidx/compose/ui/Alignment$Horizontal;Landroidx/compose/runtime/Composer;I)Landroidx/compose/ui/layout/MeasurePolicy;
    ASTORE 66
   L85
    LINENUMBER 2081 L85
    ALOAD 60
    ASTORE 67
   L86
    LINENUMBER 2080 L86
    ALOAD 66
    ASTORE 68
    ALOAD 62
    ASTORE 69
    BIPUSH 112
    ILOAD 63
    ICONST_3
    ISHL
    IAND
    ISTORE 70
   L87
    LINENUMBER 2078 L87
    NOP
   L88
    ICONST_0
    ISTORE 71
   L89
    ALOAD 69
    LDC -1159599143
    LDC "CC(Layout)P(!1,2)81@3355L27,84@3521L416:Layout.kt#80mrfh"
   L90
    LINENUMBER 2082 L90
    INVOKESTATIC androidx/compose/runtime/ComposerKt.sourceInformationMarkerStart (Landroidx/compose/runtime/Composer;ILjava/lang/String;)V
   L91
    LINENUMBER 2083 L91
    ALOAD 69
    ICONST_0
    INVOKESTATIC androidx/compose/runtime/ComposablesKt.getCurrentCompositeKeyHashCode (Landroidx/compose/runtime/Composer;I)J
    INVOKESTATIC java/lang/Long.hashCode (J)I
    ISTORE 72
   L92
    ALOAD 69
   L93
    LINENUMBER 2084 L93
    INVOKEINTERFACE androidx/compose/runtime/Composer.getCurrentCompositionLocalMap ()Landroidx/compose/runtime/CompositionLocalMap; (itf)
    ASTORE 73
   L94
    ALOAD 69
   L95
    LINENUMBER 2085 L95
    ALOAD 67
    INVOKESTATIC androidx/compose/ui/ComposedModifierKt.materializeModifier (Landroidx/compose/runtime/Composer;Landroidx/compose/ui/Modifier;)Landroidx/compose/ui/Modifier;
    ASTORE 74
   L96
    LINENUMBER 2087 L96
    GETSTATIC androidx/compose/ui/node/ComposeUiNode.Companion : Landroidx/compose/ui/node/ComposeUiNode$Companion;
    INVOKEVIRTUAL androidx/compose/ui/node/ComposeUiNode$Companion.getConstructor ()Lkotlin/jvm/functions/Function0;
    ASTORE 75
    ALOAD 69
    ASTORE 76
    BIPUSH 6
    SIPUSH 896
    ILOAD 70
    BIPUSH 6
    ISHL
    IAND
    IOR
    ISTORE 77
   L97
    LINENUMBER 2086 L97
    NOP
   L98
    ICONST_0
    ISTORE 78
   L99
    ALOAD 76
    LDC -553112988
    LDC "CC(ReusableComposeNode)N(factory,update,content)399@15590L9:Composables.kt#9igjgp"
   L100
    LINENUMBER 2088 L100
    INVOKESTATIC androidx/compose/runtime/ComposerKt.sourceInformationMarkerStart (Landroidx/compose/runtime/Composer;ILjava/lang/String;)V
   L101
    LINENUMBER 2089 L101
    ALOAD 76
    INVOKEINTERFACE androidx/compose/runtime/Composer.getApplier ()Landroidx/compose/runtime/Applier; (itf)
    INSTANCEOF androidx/compose/runtime/Applier
    IFNE L102
    INVOKESTATIC androidx/compose/runtime/ComposablesKt.invalidApplier ()V
   L102
    ALOAD 76
   L103
    LINENUMBER 2090 L103
    INVOKEINTERFACE androidx/compose/runtime/Composer.startReusableNode ()V (itf)
   L104
    LINENUMBER 2091 L104
    ALOAD 76
    INVOKEINTERFACE androidx/compose/runtime/Composer.getInserting ()Z (itf)
    IFEQ L105
    ALOAD 76
   L106
    LINENUMBER 2092 L106
    ALOAD 75
    INVOKEINTERFACE androidx/compose/runtime/Composer.createNode (Lkotlin/jvm/functions/Function0;)V (itf)
    GOTO L107
   L105
    ALOAD 76
   L108
    LINENUMBER 2094 L108
    INVOKEINTERFACE androidx/compose/runtime/Composer.useNode ()V (itf)
   L107
    LINENUMBER 2096 L107
    ALOAD 76
    INVOKESTATIC androidx/compose/runtime/Updater.constructor-impl (Landroidx/compose/runtime/Composer;)Landroidx/compose/runtime/Composer;
    ASTORE 79
   L109
    ICONST_0
    ISTORE 80
   L110
    LINENUMBER 2097 L110
    ALOAD 79
    ALOAD 68
    GETSTATIC androidx/compose/ui/node/ComposeUiNode.Companion : Landroidx/compose/ui/node/ComposeUiNode$Companion;
    INVOKEVIRTUAL androidx/compose/ui/node/ComposeUiNode$Companion.getSetMeasurePolicy ()Lkotlin/jvm/functions/Function2;
    INVOKESTATIC androidx/compose/runtime/Updater.set-impl (Landroidx/compose/runtime/Composer;Ljava/lang/Object;Lkotlin/jvm/functions/Function2;)V
   L111
    LINENUMBER 2098 L111
    ALOAD 79
    ALOAD 73
    GETSTATIC androidx/compose/ui/node/ComposeUiNode.Companion : Landroidx/compose/ui/node/ComposeUiNode$Companion;
    INVOKEVIRTUAL androidx/compose/ui/node/ComposeUiNode$Companion.getSetResolvedCompositionLocals ()Lkotlin/jvm/functions/Function2;
    INVOKESTATIC androidx/compose/runtime/Updater.set-impl (Landroidx/compose/runtime/Composer;Ljava/lang/Object;Lkotlin/jvm/functions/Function2;)V
   L112
    LINENUMBER 2099 L112
    ALOAD 79
    ILOAD 72
    INVOKESTATIC java/lang/Integer.valueOf (I)Ljava/lang/Integer;
    GETSTATIC androidx/compose/ui/node/ComposeUiNode.Companion : Landroidx/compose/ui/node/ComposeUiNode$Companion;
    INVOKEVIRTUAL androidx/compose/ui/node/ComposeUiNode$Companion.getSetCompositeKeyHash ()Lkotlin/jvm/functions/Function2;
    INVOKESTATIC androidx/compose/runtime/Updater.init-impl (Landroidx/compose/runtime/Composer;Ljava/lang/Object;Lkotlin/jvm/functions/Function2;)V
   L113
    LINENUMBER 2100 L113
    ALOAD 79
    GETSTATIC androidx/compose/ui/node/ComposeUiNode.Companion : Landroidx/compose/ui/node/ComposeUiNode$Companion;
    INVOKEVIRTUAL androidx/compose/ui/node/ComposeUiNode$Companion.getApplyOnDeactivatedNodeAssertion ()Lkotlin/jvm/functions/Function1;
    INVOKESTATIC androidx/compose/runtime/Updater.reconcile-impl (Landroidx/compose/runtime/Composer;Lkotlin/jvm/functions/Function1;)V
   L114
    LINENUMBER 2101 L114
    ALOAD 79
    ALOAD 74
    GETSTATIC androidx/compose/ui/node/ComposeUiNode.Companion : Landroidx/compose/ui/node/ComposeUiNode$Companion;
    INVOKEVIRTUAL androidx/compose/ui/node/ComposeUiNode$Companion.getSetModifier ()Lkotlin/jvm/functions/Function2;
    INVOKESTATIC androidx/compose/runtime/Updater.set-impl (Landroidx/compose/runtime/Composer;Ljava/lang/Object;Lkotlin/jvm/functions/Function2;)V
   L115
    LINENUMBER 2102 L115
    NOP
   L116
    LINENUMBER 2096 L116
    NOP
   L117
    LINENUMBER 2103 L117
    ALOAD 76
    BIPUSH 14
    ILOAD 77
    BIPUSH 6
    ISHR
    IAND
    ISTORE 81
    ASTORE 82
   L118
    ICONST_0
    ISTORE 83
   L119
    ALOAD 82
    LDC 2093002350
    LDC "C89@4557L9:Column.kt#2w3rfo"
   L120
    LINENUMBER 2079 L120
    INVOKESTATIC androidx/compose/runtime/ComposerKt.sourceInformationMarkerStart (Landroidx/compose/runtime/Composer;ILjava/lang/String;)V
    GETSTATIC androidx/compose/foundation/layout/ColumnScopeInstance.INSTANCE : Landroidx/compose/foundation/layout/ColumnScopeInstance;
    ALOAD 82
    BIPUSH 6
    BIPUSH 112
    ILOAD 63
    BIPUSH 6
    ISHR
    IAND
    IOR
    INVOKESTATIC java/lang/Integer.valueOf (I)Ljava/lang/Integer;
    CHECKCAST java/lang/Number
    INVOKEVIRTUAL java/lang/Number.intValue ()I
    ISTORE 84
    CHECKCAST androidx/compose/runtime/Composer
    ASTORE 85
    CHECKCAST androidx/compose/foundation/layout/ColumnScope
    ASTORE 86
   L121
    ICONST_0
    ISTORE 87
   L122
    ALOAD 85
    LDC -1557630814
    LDC "C405@18013L42,403@17912L203,411@18278L34,409@18180L388,417@18589L29,420@18739L16,418@18639L323,429@19180L30,430@19242L34,430@19231L46,431@19298L29,434@19434L44,435@19508L44,438@19697L66,432@19348L437,440@19806L29,442@19890L202,441@19856L258,448@20136L30,449@20187L26,450@20234L29,454@20492L39,451@20284L269,456@20574L29,457@20624L32,470@21336L42,470@21287L92,526@24533L30,527@24595L34,527@24584L46,528@24651L29,533@24929L37,534@24996L37,535@25063L40,542@25403L491,531@24843L1073,728@36139L46,726@36042L165,732@36314L42,733@36386L45,734@36461L43,737@36647L39,730@36228L480:TodoEditor.kt#sr0y55"
   L123
    LINENUMBER 404 L123
    INVOKESTATIC androidx/compose/runtime/ComposerKt.sourceInformationMarkerStart (Landroidx/compose/runtime/Composer;ILjava/lang/String;)V
   L124
    LINENUMBER 405 L124
    GETSTATIC androidx/compose/material/icons/Icons$Filled.INSTANCE : Landroidx/compose/material/icons/Icons$Filled;
    INVOKESTATIC androidx/compose/material/icons/filled/EditNoteKt.getEditNote (Landroidx/compose/material/icons/Icons$Filled;)Landroidx/compose/ui/graphics/vector/ImageVector;
   L125
    LINENUMBER 406 L125
    GETSTATIC com/muddassir/clearview/R$string.todo_section_what : I
    ALOAD 85
    ICONST_0
    INVOKESTATIC androidx/compose/ui/res/StringResources_androidKt.stringResource (ILandroidx/compose/runtime/Composer;I)Ljava/lang/String;
   L126
    LINENUMBER 407 L126
    ICONST_1
    ALOAD 85
    SIPUSH 384
    ICONST_0
   L127
    LINENUMBER 404 L127
    INVOKESTATIC com/muddassir/clearview/todo/ui/TodoEditorKt.SectionHeader (Landroidx/compose/ui/graphics/vector/ImageVector;Ljava/lang/String;ZLandroidx/compose/runtime/Composer;II)V
   L128
    LINENUMBER 411 L128
    ALOAD 6
    INVOKESTATIC com/muddassir/clearview/todo/ui/TodoEditorKt.TodoEditorDialog$lambda$1 (Landroidx/compose/runtime/MutableState;)Ljava/lang/String;
    ASTORE 88
   L129
    LINENUMBER 413 L129
    GETSTATIC androidx/compose/ui/Modifier.Companion : Landroidx/compose/ui/Modifier$Companion;
    CHECKCAST androidx/compose/ui/Modifier
    FCONST_0
    ICONST_1
    ACONST_NULL
    INVOKESTATIC androidx/compose/foundation/layout/SizeKt.fillMaxWidth$default (Landroidx/compose/ui/Modifier;FILjava/lang/Object;)Landroidx/compose/ui/Modifier;
    ASTORE 89
   L130
    LINENUMBER 416 L130
    ALOAD 7
    INVOKESTATIC com/muddassir/clearview/todo/ui/TodoEditorKt.TodoEditorDialog$lambda$7 (Landroidx/compose/runtime/MutableState;)Z
    ISTORE 90
   L131
    LINENUMBER 411 L131
    ALOAD 88
    ALOAD 85
    LDC 365388791
    LDC "CC(remember):TodoEditor.kt#9igjgp"
   L132
    LINENUMBER 412 L132
    INVOKESTATIC androidx/compose/runtime/ComposerKt.sourceInformationMarkerStart (Landroidx/compose/runtime/Composer;ILjava/lang/String;)V
    ALOAD 85
    ASTORE 91
    ICONST_0
    ISTORE 92
   L133
    ICONST_0
    ISTORE 93
   L134
    LINENUMBER 2104 L134
    ALOAD 91
    INVOKEINTERFACE androidx/compose/runtime/Composer.rememberedValue ()Ljava/lang/Object; (itf)
    ASTORE 94
   L135
    ICONST_0
    ISTORE 95
   L136
    LINENUMBER 2105 L136
    ILOAD 92
    IFNE L137
    ALOAD 94
    GETSTATIC androidx/compose/runtime/Composer.Companion : Landroidx/compose/runtime/Composer$Companion;
    INVOKEVIRTUAL androidx/compose/runtime/Composer$Companion.getEmpty ()Ljava/lang/Object;
    IF_ACMPNE L138
   L137
    LINENUMBER 2106 L137
    ASTORE 96
    ICONST_0
    ISTORE 97
   L139
    LINENUMBER 412 L139
    ALOAD 6
    ALOAD 7
    INVOKEDYNAMIC invoke(Landroidx/compose/runtime/MutableState;Landroidx/compose/runtime/MutableState;)Lkotlin/jvm/functions/Function1; [
      // handle kind 0x6 : INVOKESTATIC
      java/lang/invoke/LambdaMetafactory.metafactory(Ljava/lang/invoke/MethodHandles$Lookup;Ljava/lang/String;Ljava/lang/invoke/MethodType;Ljava/lang/invoke/MethodType;Ljava/lang/invoke/MethodHandle;Ljava/lang/invoke/MethodType;)Ljava/lang/invoke/CallSite;
      // arguments:
      (Ljava/lang/Object;)Ljava/lang/Object;, 
      // handle kind 0x6 : INVOKESTATIC
      com/muddassir/clearview/todo/ui/TodoEditorKt.TodoEditorDialog$lambda$151$lambda$150$lambda$149$lambda$147$lambda$81$lambda$80(Landroidx/compose/runtime/MutableState;Landroidx/compose/runtime/MutableState;Ljava/lang/String;)Lkotlin/Unit;, 
      (Ljava/lang/String;)Lkotlin/Unit;
    ]
    GOTO L140
   L140
    ASTORE 98
    ALOAD 96
    ALOAD 98
   L141
    LINENUMBER 2106 L141
    ASTORE 99
   L142
    LINENUMBER 2107 L142
    ALOAD 91
    ALOAD 99
    INVOKEINTERFACE androidx/compose/runtime/Composer.updateRememberedValue (Ljava/lang/Object;)V (itf)
   L143
    LINENUMBER 2108 L143
    ALOAD 99
   L144
    GOTO L145
   L138
    LINENUMBER 2109 L138
    ALOAD 94
   L145
    LINENUMBER 2104 L145
    NOP
   L146
    LINENUMBER 2104 L146
    GOTO L147
   L147
    LINENUMBER 412 L147
    CHECKCAST kotlin/jvm/functions/Function1
    ASTORE 100
    ALOAD 85
    INVOKESTATIC androidx/compose/runtime/ComposerKt.sourceInformationMarkerEnd (Landroidx/compose/runtime/Composer;)V
    ALOAD 100
   L148
    LINENUMBER 413 L148
    ALOAD 89
    ICONST_0
    ICONST_0
    ACONST_NULL
    GETSTATIC com/muddassir/clearview/todo/ui/ComposableSingletons$TodoEditorKt.INSTANCE : Lcom/muddassir/clearview/todo/ui/ComposableSingletons$TodoEditorKt;
    INVOKEVIRTUAL com/muddassir/clearview/todo/ui/ComposableSingletons$TodoEditorKt.getLambda$-182324037$app ()Lkotlin/jvm/functions/Function2;
    ACONST_NULL
    ACONST_NULL
    ACONST_NULL
    ACONST_NULL
    ACONST_NULL
    ACONST_NULL
   L149
    LINENUMBER 416 L149
    ILOAD 90
    ACONST_NULL
    ACONST_NULL
    ACONST_NULL
   L150
    LINENUMBER 415 L150
    ICONST_1
    ICONST_0
    ICONST_0
    ACONST_NULL
    ACONST_NULL
    ACONST_NULL
    ALOAD 85
    LDC 1573296
    LDC 12582912
    ICONST_0
    LDC 8249272
   L151
    LINENUMBER 410 L151
    INVOKESTATIC androidx/compose/material3/OutlinedTextFieldKt.OutlinedTextField (Ljava/lang/String;Lkotlin/jvm/functions/Function1;Landroidx/compose/ui/Modifier;ZZLandroidx/compose/ui/text/TextStyle;Lkotlin/jvm/functions/Function2;Lkotlin/jvm/functions/Function2;Lkotlin/jvm/functions/Function2;Lkotlin/jvm/functions/Function2;Lkotlin/jvm/functions/Function2;Lkotlin/jvm/functions/Function2;Lkotlin/jvm/functions/Function2;ZLandroidx/compose/ui/text/input/VisualTransformation;Landroidx/compose/foundation/text/KeyboardOptions;Landroidx/compose/foundation/text/KeyboardActions;ZIILandroidx/compose/foundation/interaction/MutableInteractionSource;Landroidx/compose/ui/graphics/Shape;Landroidx/compose/material3/TextFieldColors;Landroidx/compose/runtime/Composer;IIII)V
   L152
    LINENUMBER 418 L152
    GETSTATIC androidx/compose/ui/Modifier.Companion : Landroidx/compose/ui/Modifier$Companion;
    CHECKCAST androidx/compose/ui/Modifier
    BIPUSH 8
    ISTORE 88
   L153
    ICONST_0
    ISTORE 89
   L154
    LINENUMBER 2110 L154
    ILOAD 88
    I2F
    INVOKESTATIC androidx/compose/ui/unit/Dp.constructor-impl (F)F
    GOTO L155
   L155
    LINENUMBER 418 L155
    INVOKESTATIC androidx/compose/foundation/layout/SizeKt.height-3ABfNKs (Landroidx/compose/ui/Modifier;F)Landroidx/compose/ui/Modifier;
    ALOAD 85
    BIPUSH 6
    INVOKESTATIC androidx/compose/foundation/layout/SpacerKt.Spacer (Landroidx/compose/ui/Modifier;Landroidx/compose/runtime/Composer;I)V
   L156
    LINENUMBER 420 L156
    ALOAD 8
    INVOKESTATIC com/muddassir/clearview/todo/ui/TodoEditorKt.TodoEditorDialog$lambda$4 (Landroidx/compose/runtime/MutableState;)Ljava/lang/String;
    ALOAD 85
    LDC 365403525
    LDC "CC(remember):TodoEditor.kt#9igjgp"
   L157
    LINENUMBER 421 L157
    INVOKESTATIC androidx/compose/runtime/ComposerKt.sourceInformationMarkerStart (Landroidx/compose/runtime/Composer;ILjava/lang/String;)V
    ALOAD 85
    ASTORE 89
    ICONST_0
    ISTORE 90
   L158
    ICONST_0
    ISTORE 100
   L159
    LINENUMBER 2111 L159
    ALOAD 89
    INVOKEINTERFACE androidx/compose/runtime/Composer.rememberedValue ()Ljava/lang/Object; (itf)
    ASTORE 91
   L160
    ICONST_0
    ISTORE 92
   L161
    LINENUMBER 2112 L161
    ILOAD 90
    IFNE L162
    ALOAD 91
    GETSTATIC androidx/compose/runtime/Composer.Companion : Landroidx/compose/runtime/Composer$Companion;
    INVOKEVIRTUAL androidx/compose/runtime/Composer$Companion.getEmpty ()Ljava/lang/Object;
    IF_ACMPNE L163
   L162
    LINENUMBER 2113 L162
    ASTORE 96
    ICONST_0
    ISTORE 93
   L164
    LINENUMBER 421 L164
    ALOAD 8
    INVOKEDYNAMIC invoke(Landroidx/compose/runtime/MutableState;)Lkotlin/jvm/functions/Function1; [
      // handle kind 0x6 : INVOKESTATIC
      java/lang/invoke/LambdaMetafactory.metafactory(Ljava/lang/invoke/MethodHandles$Lookup;Ljava/lang/String;Ljava/lang/invoke/MethodType;Ljava/lang/invoke/MethodType;Ljava/lang/invoke/MethodHandle;Ljava/lang/invoke/MethodType;)Ljava/lang/invoke/CallSite;
      // arguments:
      (Ljava/lang/Object;)Ljava/lang/Object;, 
      // handle kind 0x6 : INVOKESTATIC
      com/muddassir/clearview/todo/ui/TodoEditorKt.TodoEditorDialog$lambda$151$lambda$150$lambda$149$lambda$147$lambda$83$lambda$82(Landroidx/compose/runtime/MutableState;Ljava/lang/String;)Lkotlin/Unit;, 
      (Ljava/lang/String;)Lkotlin/Unit;
    ]
    GOTO L165
   L165
    ASTORE 98
    ALOAD 96
    ALOAD 98
   L166
    LINENUMBER 2113 L166
    ASTORE 94
   L167
    LINENUMBER 2114 L167
    ALOAD 89
    ALOAD 94
    INVOKEINTERFACE androidx/compose/runtime/Composer.updateRememberedValue (Ljava/lang/Object;)V (itf)
   L168
    LINENUMBER 2115 L168
    ALOAD 94
   L169
    GOTO L170
   L163
    LINENUMBER 2116 L163
    ALOAD 91
   L170
    LINENUMBER 2111 L170
    NOP
   L171
    LINENUMBER 2111 L171
    GOTO L172
   L172
    LINENUMBER 421 L172
    CHECKCAST kotlin/jvm/functions/Function1
    ASTORE 88
    ALOAD 85
    INVOKESTATIC androidx/compose/runtime/ComposerKt.sourceInformationMarkerEnd (Landroidx/compose/runtime/Composer;)V
    ALOAD 88
   L173
    LINENUMBER 422 L173
    GETSTATIC androidx/compose/ui/Modifier.Companion : Landroidx/compose/ui/Modifier$Companion;
    CHECKCAST androidx/compose/ui/Modifier
    FCONST_0
    ICONST_1
    ACONST_NULL
    INVOKESTATIC androidx/compose/foundation/layout/SizeKt.fillMaxWidth$default (Landroidx/compose/ui/Modifier;FILjava/lang/Object;)Landroidx/compose/ui/Modifier;
    ICONST_0
    ICONST_0
    ACONST_NULL
    GETSTATIC com/muddassir/clearview/todo/ui/ComposableSingletons$TodoEditorKt.INSTANCE : Lcom/muddassir/clearview/todo/ui/ComposableSingletons$TodoEditorKt;
    INVOKEVIRTUAL com/muddassir/clearview/todo/ui/ComposableSingletons$TodoEditorKt.getLambda$1221180388$app ()Lkotlin/jvm/functions/Function2;
    ACONST_NULL
    ACONST_NULL
    ACONST_NULL
    ACONST_NULL
    ACONST_NULL
    ACONST_NULL
    ICONST_0
    ACONST_NULL
    ACONST_NULL
    ACONST_NULL
    ICONST_0
    ICONST_0
   L174
    LINENUMBER 424 L174
    ICONST_2
    ACONST_NULL
    ACONST_NULL
    ACONST_NULL
    ALOAD 85
    LDC 1573296
    LDC 805306368
    ICONST_0
    LDC 7864248
   L175
    LINENUMBER 419 L175
    INVOKESTATIC androidx/compose/material3/OutlinedTextFieldKt.OutlinedTextField (Ljava/lang/String;Lkotlin/jvm/functions/Function1;Landroidx/compose/ui/Modifier;ZZLandroidx/compose/ui/text/TextStyle;Lkotlin/jvm/functions/Function2;Lkotlin/jvm/functions/Function2;Lkotlin/jvm/functions/Function2;Lkotlin/jvm/functions/Function2;Lkotlin/jvm/functions/Function2;Lkotlin/jvm/functions/Function2;Lkotlin/jvm/functions/Function2;ZLandroidx/compose/ui/text/input/VisualTransformation;Landroidx/compose/foundation/text/KeyboardOptions;Landroidx/compose/foundation/text/KeyboardActions;ZIILandroidx/compose/foundation/interaction/MutableInteractionSource;Landroidx/compose/ui/graphics/Shape;Landroidx/compose/material3/TextFieldColors;Landroidx/compose/runtime/Composer;IIII)V
   L176
    LINENUMBER 430 L176
    GETSTATIC androidx/compose/ui/Modifier.Companion : Landroidx/compose/ui/Modifier$Companion;
    CHECKCAST androidx/compose/ui/Modifier
    BIPUSH 16
    ISTORE 88
   L177
    ICONST_0
    ISTORE 89
   L178
    LINENUMBER 2117 L178
    ILOAD 88
    I2F
    INVOKESTATIC androidx/compose/ui/unit/Dp.constructor-impl (F)F
    GOTO L179
   L179
    LINENUMBER 430 L179
    INVOKESTATIC androidx/compose/foundation/layout/SizeKt.height-3ABfNKs (Landroidx/compose/ui/Modifier;F)Landroidx/compose/ui/Modifier;
    ALOAD 85
    BIPUSH 6
    INVOKESTATIC androidx/compose/foundation/layout/SpacerKt.Spacer (Landroidx/compose/ui/Modifier;Landroidx/compose/runtime/Composer;I)V
   L180
    LINENUMBER 431 L180
    GETSTATIC com/muddassir/clearview/R$string.todo_type : I
    ALOAD 85
    ICONST_0
    INVOKESTATIC androidx/compose/ui/res/StringResources_androidKt.stringResource (ILandroidx/compose/runtime/Composer;I)Ljava/lang/String;
    ACONST_NULL
    ALOAD 85
    ICONST_0
    ICONST_2
    INVOKESTATIC com/muddassir/clearview/todo/ui/TodoEditorKt.FieldLabel (Ljava/lang/String;Landroidx/compose/ui/Modifier;Landroidx/compose/runtime/Composer;II)V
   L181
    LINENUMBER 432 L181
    GETSTATIC androidx/compose/ui/Modifier.Companion : Landroidx/compose/ui/Modifier$Companion;
    CHECKCAST androidx/compose/ui/Modifier
    BIPUSH 8
    ISTORE 88
   L182
    ICONST_0
    ISTORE 89
   L183
    LINENUMBER 2118 L183
    ILOAD 88
    I2F
    INVOKESTATIC androidx/compose/ui/unit/Dp.constructor-impl (F)F
    GOTO L184
   L184
    LINENUMBER 432 L184
    INVOKESTATIC androidx/compose/foundation/layout/SizeKt.height-3ABfNKs (Landroidx/compose/ui/Modifier;F)Landroidx/compose/ui/Modifier;
    ALOAD 85
    BIPUSH 6
    INVOKESTATIC androidx/compose/foundation/layout/SpacerKt.Spacer (Landroidx/compose/ui/Modifier;Landroidx/compose/runtime/Composer;I)V
   L185
    LINENUMBER 435 L185
    ICONST_2
    ANEWARRAY java/lang/String
    ASTORE 88
    ALOAD 88
    ICONST_0
    GETSTATIC com/muddassir/clearview/R$string.todo_type_temporary : I
    ALOAD 85
    ICONST_0
    INVOKESTATIC androidx/compose/ui/res/StringResources_androidKt.stringResource (ILandroidx/compose/runtime/Composer;I)Ljava/lang/String;
    AASTORE
    ALOAD 88
    ICONST_1
   L186
    LINENUMBER 436 L186
    GETSTATIC com/muddassir/clearview/R$string.todo_type_permanent : I
    ALOAD 85
    ICONST_0
    INVOKESTATIC androidx/compose/ui/res/StringResources_androidKt.stringResource (ILandroidx/compose/runtime/Composer;I)Ljava/lang/String;
    AASTORE
   L187
    LINENUMBER 435 L187
    ALOAD 88
   L188
    LINENUMBER 434 L188
    INVOKESTATIC kotlin/collections/CollectionsKt.listOf ([Ljava/lang/Object;)Ljava/util/List;
   L189
    LINENUMBER 438 L189
    ALOAD 9
    INVOKESTATIC com/muddassir/clearview/todo/ui/TodoEditorKt.TodoEditorDialog$lambda$10 (Landroidx/compose/runtime/MutableState;)Lcom/muddassir/clearview/todo/model/TodoType;
    GETSTATIC com/muddassir/clearview/todo/model/TodoType.TEMPORARY : Lcom/muddassir/clearview/todo/model/TodoType;
    IF_ACMPNE L190
    ICONST_0
    GOTO L191
   L190
    ICONST_1
   L191
    ALOAD 85
    LDC 365434231
    LDC "CC(remember):TodoEditor.kt#9igjgp"
   L192
    LINENUMBER 439 L192
    INVOKESTATIC androidx/compose/runtime/ComposerKt.sourceInformationMarkerStart (Landroidx/compose/runtime/Composer;ILjava/lang/String;)V
    ALOAD 85
    ASTORE 89
    ICONST_0
    ISTORE 90
   L193
    ICONST_0
    ISTORE 100
   L194
    LINENUMBER 2119 L194
    ALOAD 89
    INVOKEINTERFACE androidx/compose/runtime/Composer.rememberedValue ()Ljava/lang/Object; (itf)
    ASTORE 91
   L195
    ICONST_0
    ISTORE 92
   L196
    LINENUMBER 2120 L196
    ILOAD 90
    IFNE L197
    ALOAD 91
    GETSTATIC androidx/compose/runtime/Composer.Companion : Landroidx/compose/runtime/Composer$Companion;
    INVOKEVIRTUAL androidx/compose/runtime/Composer$Companion.getEmpty ()Ljava/lang/Object;
    IF_ACMPNE L198
   L197
    LINENUMBER 2121 L197
    ISTORE 98
    ASTORE 96
    ICONST_0
    ISTORE 93
   L199
    LINENUMBER 439 L199
    ALOAD 9
    INVOKEDYNAMIC invoke(Landroidx/compose/runtime/MutableState;)Lkotlin/jvm/functions/Function1; [
      // handle kind 0x6 : INVOKESTATIC
      java/lang/invoke/LambdaMetafactory.metafactory(Ljava/lang/invoke/MethodHandles$Lookup;Ljava/lang/String;Ljava/lang/invoke/MethodType;Ljava/lang/invoke/MethodType;Ljava/lang/invoke/MethodHandle;Ljava/lang/invoke/MethodType;)Ljava/lang/invoke/CallSite;
      // arguments:
      (Ljava/lang/Object;)Ljava/lang/Object;, 
      // handle kind 0x6 : INVOKESTATIC
      com/muddassir/clearview/todo/ui/TodoEditorKt.TodoEditorDialog$lambda$151$lambda$150$lambda$149$lambda$147$lambda$85$lambda$84(Landroidx/compose/runtime/MutableState;I)Lkotlin/Unit;, 
      (Ljava/lang/Integer;)Lkotlin/Unit;
    ]
    GOTO L200
   L200
    ASTORE 101
    ALOAD 96
    ILOAD 98
    ALOAD 101
   L201
    LINENUMBER 2121 L201
    ASTORE 94
   L202
    LINENUMBER 2122 L202
    ALOAD 89
    ALOAD 94
    INVOKEINTERFACE androidx/compose/runtime/Composer.updateRememberedValue (Ljava/lang/Object;)V (itf)
   L203
    LINENUMBER 2123 L203
    ALOAD 94
   L204
    GOTO L205
   L198
    LINENUMBER 2124 L198
    ALOAD 91
   L205
    LINENUMBER 2119 L205
    NOP
   L206
    LINENUMBER 2119 L206
    GOTO L207
   L207
    LINENUMBER 439 L207
    CHECKCAST kotlin/jvm/functions/Function1
    ASTORE 88
    ALOAD 85
    INVOKESTATIC androidx/compose/runtime/ComposerKt.sourceInformationMarkerEnd (Landroidx/compose/runtime/Composer;)V
    ALOAD 88
    ALOAD 85
    SIPUSH 384
   L208
    LINENUMBER 433 L208
    INVOKESTATIC com/muddassir/clearview/todo/ui/TodoEditorKt.EditorSegments (Ljava/util/List;ILkotlin/jvm/functions/Function1;Landroidx/compose/runtime/Composer;I)V
   L209
    LINENUMBER 441 L209
    GETSTATIC androidx/compose/ui/Modifier.Companion : Landroidx/compose/ui/Modifier$Companion;
    CHECKCAST androidx/compose/ui/Modifier
    BIPUSH 6
    ISTORE 88
   L210
    ICONST_0
    ISTORE 89
   L211
    LINENUMBER 2125 L211
    ILOAD 88
    I2F
    INVOKESTATIC androidx/compose/ui/unit/Dp.constructor-impl (F)F
    GOTO L212
   L212
    LINENUMBER 441 L212
    INVOKESTATIC androidx/compose/foundation/layout/SizeKt.height-3ABfNKs (Landroidx/compose/ui/Modifier;F)Landroidx/compose/ui/Modifier;
    ALOAD 85
    BIPUSH 6
    INVOKESTATIC androidx/compose/foundation/layout/SpacerKt.Spacer (Landroidx/compose/ui/Modifier;Landroidx/compose/runtime/Composer;I)V
   L213
    LINENUMBER 444 L213
    ALOAD 9
    INVOKESTATIC com/muddassir/clearview/todo/ui/TodoEditorKt.TodoEditorDialog$lambda$10 (Landroidx/compose/runtime/MutableState;)Lcom/muddassir/clearview/todo/model/TodoType;
    GETSTATIC com/muddassir/clearview/todo/model/TodoType.TEMPORARY : Lcom/muddassir/clearview/todo/model/TodoType;
    IF_ACMPNE L214
    GETSTATIC com/muddassir/clearview/R$string.todo_type_temporary_note : I
    GOTO L215
   L214
    LINENUMBER 445 L214
    GETSTATIC com/muddassir/clearview/R$string.todo_type_permanent_note : I
   L215
    ALOAD 85
    ICONST_0
   L216
    LINENUMBER 443 L216
    INVOKESTATIC androidx/compose/ui/res/StringResources_androidKt.stringResource (ILandroidx/compose/runtime/Composer;I)Ljava/lang/String;
    ALOAD 85
    ICONST_0
   L217
    LINENUMBER 442 L217
    INVOKESTATIC com/muddassir/clearview/todo/ui/TodoEditorKt.HintText (Ljava/lang/String;Landroidx/compose/runtime/Composer;I)V
   L218
    LINENUMBER 449 L218
    GETSTATIC androidx/compose/ui/Modifier.Companion : Landroidx/compose/ui/Modifier$Companion;
    CHECKCAST androidx/compose/ui/Modifier
    BIPUSH 18
    ISTORE 88
   L219
    ICONST_0
    ISTORE 89
   L220
    LINENUMBER 2126 L220
    ILOAD 88
    I2F
    INVOKESTATIC androidx/compose/ui/unit/Dp.constructor-impl (F)F
    GOTO L221
   L221
    LINENUMBER 449 L221
    INVOKESTATIC androidx/compose/foundation/layout/SizeKt.height-3ABfNKs (Landroidx/compose/ui/Modifier;F)Landroidx/compose/ui/Modifier;
    ALOAD 85
    BIPUSH 6
    INVOKESTATIC androidx/compose/foundation/layout/SpacerKt.Spacer (Landroidx/compose/ui/Modifier;Landroidx/compose/runtime/Composer;I)V
   L222
    LINENUMBER 450 L222
    LDC "Task variety"
    ACONST_NULL
    ALOAD 85
    BIPUSH 6
    ICONST_2
    INVOKESTATIC com/muddassir/clearview/todo/ui/TodoEditorKt.FieldLabel (Ljava/lang/String;Landroidx/compose/ui/Modifier;Landroidx/compose/runtime/Composer;II)V
   L223
    LINENUMBER 451 L223
    GETSTATIC androidx/compose/ui/Modifier.Companion : Landroidx/compose/ui/Modifier$Companion;
    CHECKCAST androidx/compose/ui/Modifier
    BIPUSH 8
    ISTORE 88
   L224
    ICONST_0
    ISTORE 89
   L225
    LINENUMBER 2127 L225
    ILOAD 88
    I2F
    INVOKESTATIC androidx/compose/ui/unit/Dp.constructor-impl (F)F
    GOTO L226
   L226
    LINENUMBER 451 L226
    INVOKESTATIC androidx/compose/foundation/layout/SizeKt.height-3ABfNKs (Landroidx/compose/ui/Modifier;F)Landroidx/compose/ui/Modifier;
    ALOAD 85
    BIPUSH 6
    INVOKESTATIC androidx/compose/foundation/layout/SpacerKt.Spacer (Landroidx/compose/ui/Modifier;Landroidx/compose/runtime/Composer;I)V
   L227
    LINENUMBER 453 L227
    INVOKESTATIC com/muddassir/clearview/todo/model/TodoBehavior.getEntries ()Lkotlin/enums/EnumEntries;
    CHECKCAST java/lang/Iterable
    ASTORE 88
   L228
    ICONST_0
    ISTORE 89
   L229
    LINENUMBER 2128 L229
    ALOAD 88
    ASTORE 90
    NEW java/util/ArrayList
    DUP
    ALOAD 88
    BIPUSH 10
    INVOKESTATIC kotlin/collections/CollectionsKt.collectionSizeOrDefault (Ljava/lang/Iterable;I)I
    INVOKESPECIAL java/util/ArrayList.<init> (I)V
    CHECKCAST java/util/Collection
    ASTORE 100
   L230
    ICONST_0
    ISTORE 91
   L231
    LINENUMBER 2129 L231
    ALOAD 90
    INVOKEINTERFACE java/lang/Iterable.iterator ()Ljava/util/Iterator; (itf)
    ASTORE 92
   L232
    ALOAD 92
    INVOKEINTERFACE java/util/Iterator.hasNext ()Z (itf)
    IFEQ L233
    ALOAD 92
    INVOKEINTERFACE java/util/Iterator.next ()Ljava/lang/Object; (itf)
    ASTORE 93
   L234
    LINENUMBER 2130 L234
    ALOAD 100
    ALOAD 93
    CHECKCAST com/muddassir/clearview/todo/model/TodoBehavior
    ASTORE 94
    ASTORE 96
   L235
    ICONST_0
    ISTORE 95
   L236
    LINENUMBER 453 L236
    ALOAD 94
    INVOKESTATIC com/muddassir/clearview/todo/ui/TodoEditorKt.behaviorLabel (Lcom/muddassir/clearview/todo/model/TodoBehavior;)Ljava/lang/String;
    GOTO L237
   L237
    ASTORE 98
    ALOAD 96
    ALOAD 98
   L238
    LINENUMBER 2130 L238
    INVOKEINTERFACE java/util/Collection.add (Ljava/lang/Object;)Z (itf)
    POP
   L239
    GOTO L232
   L233
    LINENUMBER 2131 L233
    ALOAD 100
   L240
    CHECKCAST java/util/List
   L241
    LINENUMBER 2128 L241
    GOTO L242
   L242
    LINENUMBER 454 L242
    INVOKESTATIC com/muddassir/clearview/todo/model/TodoBehavior.getEntries ()Lkotlin/enums/EnumEntries;
    ALOAD 10
    INVOKESTATIC com/muddassir/clearview/todo/ui/TodoEditorKt.TodoEditorDialog$lambda$57 (Landroidx/compose/runtime/MutableState;)Lcom/muddassir/clearview/todo/model/TodoBehavior;
    INVOKEINTERFACE kotlin/enums/EnumEntries.indexOf (Ljava/lang/Object;)I (itf)
    ALOAD 85
    LDC 365459644
    LDC "CC(remember):TodoEditor.kt#9igjgp"
   L243
    LINENUMBER 455 L243
    INVOKESTATIC androidx/compose/runtime/ComposerKt.sourceInformationMarkerStart (Landroidx/compose/runtime/Composer;ILjava/lang/String;)V
    ALOAD 85
    ASTORE 89
    ICONST_0
    ISTORE 90
   L244
    ICONST_0
    ISTORE 100
   L245
    LINENUMBER 2132 L245
    ALOAD 89
    INVOKEINTERFACE androidx/compose/runtime/Composer.rememberedValue ()Ljava/lang/Object; (itf)
    ASTORE 91
   L246
    ICONST_0
    ISTORE 92
   L247
    LINENUMBER 2133 L247
    ILOAD 90
    IFNE L248
    ALOAD 91
    GETSTATIC androidx/compose/runtime/Composer.Companion : Landroidx/compose/runtime/Composer$Companion;
    INVOKEVIRTUAL androidx/compose/runtime/Composer$Companion.getEmpty ()Ljava/lang/Object;
    IF_ACMPNE L249
   L248
    LINENUMBER 2134 L248
    ISTORE 98
    ASTORE 96
    ICONST_0
    ISTORE 93
   L250
    LINENUMBER 455 L250
    ALOAD 10
    INVOKEDYNAMIC invoke(Landroidx/compose/runtime/MutableState;)Lkotlin/jvm/functions/Function1; [
      // handle kind 0x6 : INVOKESTATIC
      java/lang/invoke/LambdaMetafactory.metafactory(Ljava/lang/invoke/MethodHandles$Lookup;Ljava/lang/String;Ljava/lang/invoke/MethodType;Ljava/lang/invoke/MethodType;Ljava/lang/invoke/MethodHandle;Ljava/lang/invoke/MethodType;)Ljava/lang/invoke/CallSite;
      // arguments:
      (Ljava/lang/Object;)Ljava/lang/Object;, 
      // handle kind 0x6 : INVOKESTATIC
      com/muddassir/clearview/todo/ui/TodoEditorKt.TodoEditorDialog$lambda$151$lambda$150$lambda$149$lambda$147$lambda$88$lambda$87(Landroidx/compose/runtime/MutableState;I)Lkotlin/Unit;, 
      (Ljava/lang/Integer;)Lkotlin/Unit;
    ]
    GOTO L251
   L251
    ASTORE 101
    ALOAD 96
    ILOAD 98
    ALOAD 101
   L252
    LINENUMBER 2134 L252
    ASTORE 94
   L253
    LINENUMBER 2135 L253
    ALOAD 89
    ALOAD 94
    INVOKEINTERFACE androidx/compose/runtime/Composer.updateRememberedValue (Ljava/lang/Object;)V (itf)
   L254
    LINENUMBER 2136 L254
    ALOAD 94
   L255
    GOTO L256
   L249
    LINENUMBER 2137 L249
    ALOAD 91
   L256
    LINENUMBER 2132 L256
    NOP
   L257
    LINENUMBER 2132 L257
    GOTO L258
   L258
    LINENUMBER 455 L258
    CHECKCAST kotlin/jvm/functions/Function1
    ASTORE 88
    ALOAD 85
    INVOKESTATIC androidx/compose/runtime/ComposerKt.sourceInformationMarkerEnd (Landroidx/compose/runtime/Composer;)V
    ALOAD 88
    ALOAD 85
    SIPUSH 384
   L259
    LINENUMBER 452 L259
    INVOKESTATIC com/muddassir/clearview/todo/ui/TodoEditorKt.EditorSegments (Ljava/util/List;ILkotlin/jvm/functions/Function1;Landroidx/compose/runtime/Composer;I)V
   L260
    LINENUMBER 457 L260
    GETSTATIC androidx/compose/ui/Modifier.Companion : Landroidx/compose/ui/Modifier$Companion;
    CHECKCAST androidx/compose/ui/Modifier
    BIPUSH 6
    ISTORE 88
   L261
    ICONST_0
    ISTORE 89
   L262
    LINENUMBER 2138 L262
    ILOAD 88
    I2F
    INVOKESTATIC androidx/compose/ui/unit/Dp.constructor-impl (F)F
    GOTO L263
   L263
    LINENUMBER 457 L263
    INVOKESTATIC androidx/compose/foundation/layout/SizeKt.height-3ABfNKs (Landroidx/compose/ui/Modifier;F)Landroidx/compose/ui/Modifier;
    ALOAD 85
    BIPUSH 6
    INVOKESTATIC androidx/compose/foundation/layout/SpacerKt.Spacer (Landroidx/compose/ui/Modifier;Landroidx/compose/runtime/Composer;I)V
   L264
    LINENUMBER 458 L264
    ALOAD 10
    INVOKESTATIC com/muddassir/clearview/todo/ui/TodoEditorKt.TodoEditorDialog$lambda$57 (Landroidx/compose/runtime/MutableState;)Lcom/muddassir/clearview/todo/model/TodoBehavior;
    INVOKESTATIC com/muddassir/clearview/todo/ui/TodoEditorKt.behaviorNote (Lcom/muddassir/clearview/todo/model/TodoBehavior;)Ljava/lang/String;
    ALOAD 85
    ICONST_0
    INVOKESTATIC com/muddassir/clearview/todo/ui/TodoEditorKt.HintText (Ljava/lang/String;Landroidx/compose/runtime/Composer;I)V
   L265
    LINENUMBER 462 L265
    ALOAD 10
    INVOKESTATIC com/muddassir/clearview/todo/ui/TodoEditorKt.TodoEditorDialog$lambda$57 (Landroidx/compose/runtime/MutableState;)Lcom/muddassir/clearview/todo/model/TodoBehavior;
    GETSTATIC com/muddassir/clearview/todo/model/TodoBehavior.TIME : Lcom/muddassir/clearview/todo/model/TodoBehavior;
    IF_ACMPNE L266
    ALOAD 85
    LDC -1555220782
    INVOKEINTERFACE androidx/compose/runtime/Composer.startReplaceGroup (I)V (itf)
    ALOAD 85
    LDC "462@20944L30,466@21183L34,463@20999L244"
    INVOKESTATIC androidx/compose/runtime/ComposerKt.sourceInformation (Landroidx/compose/runtime/Composer;Ljava/lang/String;)V
   L267
    LINENUMBER 463 L267
    GETSTATIC androidx/compose/ui/Modifier.Companion : Landroidx/compose/ui/Modifier$Companion;
    CHECKCAST androidx/compose/ui/Modifier
    BIPUSH 10
    ISTORE 88
   L268
    ICONST_0
    ISTORE 89
   L269
    LINENUMBER 2139 L269
    ILOAD 88
    I2F
    INVOKESTATIC androidx/compose/ui/unit/Dp.constructor-impl (F)F
    GOTO L270
   L270
    LINENUMBER 463 L270
    INVOKESTATIC androidx/compose/foundation/layout/SizeKt.height-3ABfNKs (Landroidx/compose/ui/Modifier;F)Landroidx/compose/ui/Modifier;
    ALOAD 85
    BIPUSH 6
    INVOKESTATIC androidx/compose/foundation/layout/SpacerKt.Spacer (Landroidx/compose/ui/Modifier;Landroidx/compose/runtime/Composer;I)V
   L271
    LINENUMBER 465 L271
    LDC "Target duration"
   L272
    LINENUMBER 466 L272
    ALOAD 11
    INVOKESTATIC com/muddassir/clearview/todo/ui/TodoEditorKt.TodoEditorDialog$lambda$60 (Landroidx/compose/runtime/MutableState;)I
    INVOKESTATIC com/muddassir/clearview/todo/ui/TodoEditorKt.durationLabel (I)Ljava/lang/String;
    ALOAD 85
    LDC 365481751
    LDC "CC(remember):TodoEditor.kt#9igjgp"
   L273
    LINENUMBER 467 L273
    INVOKESTATIC androidx/compose/runtime/ComposerKt.sourceInformationMarkerStart (Landroidx/compose/runtime/Composer;ILjava/lang/String;)V
    ALOAD 85
    ASTORE 89
    ICONST_0
    ISTORE 90
   L274
    ICONST_0
    ISTORE 100
   L275
    LINENUMBER 2140 L275
    ALOAD 89
    INVOKEINTERFACE androidx/compose/runtime/Composer.rememberedValue ()Ljava/lang/Object; (itf)
    ASTORE 91
   L276
    ICONST_0
    ISTORE 92
   L277
    LINENUMBER 2141 L277
    ILOAD 90
    IFNE L278
    ALOAD 91
    GETSTATIC androidx/compose/runtime/Composer.Companion : Landroidx/compose/runtime/Composer$Companion;
    INVOKEVIRTUAL androidx/compose/runtime/Composer$Companion.getEmpty ()Ljava/lang/Object;
    IF_ACMPNE L279
   L278
    LINENUMBER 2142 L278
    ASTORE 98
    ASTORE 96
    ICONST_0
    ISTORE 93
   L280
    LINENUMBER 467 L280
    ALOAD 12
    INVOKEDYNAMIC invoke(Landroidx/compose/runtime/MutableState;)Lkotlin/jvm/functions/Function0; [
      // handle kind 0x6 : INVOKESTATIC
      java/lang/invoke/LambdaMetafactory.metafactory(Ljava/lang/invoke/MethodHandles$Lookup;Ljava/lang/String;Ljava/lang/invoke/MethodType;Ljava/lang/invoke/MethodType;Ljava/lang/invoke/MethodHandle;Ljava/lang/invoke/MethodType;)Ljava/lang/invoke/CallSite;
      // arguments:
      ()Ljava/lang/Object;, 
      // handle kind 0x6 : INVOKESTATIC
      com/muddassir/clearview/todo/ui/TodoEditorKt.TodoEditorDialog$lambda$151$lambda$150$lambda$149$lambda$147$lambda$90$lambda$89(Landroidx/compose/runtime/MutableState;)Lkotlin/Unit;, 
      ()Lkotlin/Unit;
    ]
    GOTO L281
   L281
    ASTORE 101
    ALOAD 96
    ALOAD 98
    ALOAD 101
   L282
    LINENUMBER 2142 L282
    ASTORE 94
   L283
    LINENUMBER 2143 L283
    ALOAD 89
    ALOAD 94
    INVOKEINTERFACE androidx/compose/runtime/Composer.updateRememberedValue (Ljava/lang/Object;)V (itf)
   L284
    LINENUMBER 2144 L284
    ALOAD 94
   L285
    GOTO L286
   L279
    LINENUMBER 2145 L279
    ALOAD 91
   L286
    LINENUMBER 2140 L286
    NOP
   L287
    LINENUMBER 2140 L287
    GOTO L288
   L288
    LINENUMBER 467 L288
    CHECKCAST kotlin/jvm/functions/Function0
    ASTORE 88
    ALOAD 85
    INVOKESTATIC androidx/compose/runtime/ComposerKt.sourceInformationMarkerEnd (Landroidx/compose/runtime/Composer;)V
    ALOAD 88
    ACONST_NULL
    ALOAD 85
    SIPUSH 390
    BIPUSH 8
   L289
    LINENUMBER 464 L289
    INVOKESTATIC com/muddassir/clearview/todo/ui/TodoEditorKt.EditorChoiceRow (Ljava/lang/String;Ljava/lang/String;Lkotlin/jvm/functions/Function0;Ljava/lang/String;Landroidx/compose/runtime/Composer;II)V
   L290
    LINENUMBER 462 L290
    ALOAD 85
    INVOKEINTERFACE androidx/compose/runtime/Composer.endReplaceGroup ()V (itf)
    GOTO L291
   L266
    ALOAD 85
    LDC -1575983187
    INVOKEINTERFACE androidx/compose/runtime/Composer.startReplaceGroup (I)V (itf)
    ALOAD 85
    INVOKEINTERFACE androidx/compose/runtime/Composer.endReplaceGroup ()V (itf)
   L291
    LINENUMBER 471 L291
    GETSTATIC androidx/compose/material/icons/Icons$Filled.INSTANCE : Landroidx/compose/material/icons/Icons$Filled;
    INVOKESTATIC androidx/compose/material/icons/filled/EventKt.getEvent (Landroidx/compose/material/icons/Icons$Filled;)Landroidx/compose/ui/graphics/vector/ImageVector;
    GETSTATIC com/muddassir/clearview/R$string.todo_section_when : I
    ALOAD 85
    ICONST_0
    INVOKESTATIC androidx/compose/ui/res/StringResources_androidKt.stringResource (ILandroidx/compose/runtime/Composer;I)Ljava/lang/String;
    ICONST_0
    ALOAD 85
    ICONST_0
    ICONST_4
    INVOKESTATIC com/muddassir/clearview/todo/ui/TodoEditorKt.SectionHeader (Landroidx/compose/ui/graphics/vector/ImageVector;Ljava/lang/String;ZLandroidx/compose/runtime/Composer;II)V
   L292
    LINENUMBER 472 L292
    ALOAD 9
    INVOKESTATIC com/muddassir/clearview/todo/ui/TodoEditorKt.TodoEditorDialog$lambda$10 (Landroidx/compose/runtime/MutableState;)Lcom/muddassir/clearview/todo/model/TodoType;
    GETSTATIC com/muddassir/clearview/todo/model/TodoType.TEMPORARY : Lcom/muddassir/clearview/todo/model/TodoType;
    IF_ACMPNE L293
    ALOAD 85
    LDC -1554683149
    INVOKEINTERFACE androidx/compose/runtime/Composer.startReplaceGroup (I)V (itf)
    ALOAD 85
    LDC "476@21735L34,478@21886L31,475@21682L261"
    INVOKESTATIC androidx/compose/runtime/ComposerKt.sourceInformation (Landroidx/compose/runtime/Composer;Ljava/lang/String;)V
   L294
    LINENUMBER 477 L294
    GETSTATIC com/muddassir/clearview/R$string.todo_date : I
    ALOAD 85
    ICONST_0
    INVOKESTATIC androidx/compose/ui/res/StringResources_androidKt.stringResource (ILandroidx/compose/runtime/Composer;I)Ljava/lang/String;
   L295
    LINENUMBER 478 L295
    ALOAD 13
    INVOKESTATIC com/muddassir/clearview/todo/ui/TodoEditorKt.TodoEditorDialog$lambda$13 (Landroidx/compose/runtime/MutableState;)Lcom/muddassir/clearview/todo/ui/PeriodChoice;
    ALOAD 14
    INVOKESTATIC com/muddassir/clearview/todo/ui/TodoEditorKt.TodoEditorDialog$lambda$16 (Landroidx/compose/runtime/MutableState;)Ljava/time/LocalDate;
    ASTORE 88
    ALOAD 88
    LDC "TodoEditorDialog$lambda$16(...)"
    INVOKESTATIC kotlin/jvm/internal/Intrinsics.checkNotNullExpressionValue (Ljava/lang/Object;Ljava/lang/String;)V
    ALOAD 88
    CHECKCAST java/time/LocalDate
    ALOAD 15
    INVOKESTATIC com/muddassir/clearview/todo/ui/TodoEditorKt.TodoEditorDialog$lambda$20 (Landroidx/compose/runtime/MutableState;)Ljava/time/LocalDate;
    ASTORE 88
    ALOAD 88
    LDC "TodoEditorDialog$lambda$20(...)"
    INVOKESTATIC kotlin/jvm/internal/Intrinsics.checkNotNullExpressionValue (Ljava/lang/Object;Ljava/lang/String;)V
    ALOAD 88
    CHECKCAST java/time/LocalDate
    INVOKESTATIC com/muddassir/clearview/todo/ui/TodoEditorKt.periodLabel (Lcom/muddassir/clearview/todo/ui/PeriodChoice;Ljava/time/LocalDate;Ljava/time/LocalDate;)Ljava/lang/String;
    ALOAD 85
    LDC 365504244
    LDC "CC(remember):TodoEditor.kt#9igjgp"
   L296
    LINENUMBER 479 L296
    INVOKESTATIC androidx/compose/runtime/ComposerKt.sourceInformationMarkerStart (Landroidx/compose/runtime/Composer;ILjava/lang/String;)V
    ALOAD 85
    ASTORE 89
    ICONST_0
    ISTORE 90
   L297
    ICONST_0
    ISTORE 100
   L298
    LINENUMBER 2146 L298
    ALOAD 89
    INVOKEINTERFACE androidx/compose/runtime/Composer.rememberedValue ()Ljava/lang/Object; (itf)
    ASTORE 91
   L299
    ICONST_0
    ISTORE 92
   L300
    LINENUMBER 2147 L300
    ILOAD 90
    IFNE L301
    ALOAD 91
    GETSTATIC androidx/compose/runtime/Composer.Companion : Landroidx/compose/runtime/Composer$Companion;
    INVOKEVIRTUAL androidx/compose/runtime/Composer$Companion.getEmpty ()Ljava/lang/Object;
    IF_ACMPNE L302
   L301
    LINENUMBER 2148 L301
    ASTORE 98
    ASTORE 96
    ICONST_0
    ISTORE 93
   L303
    LINENUMBER 479 L303
    ALOAD 12
    INVOKEDYNAMIC invoke(Landroidx/compose/runtime/MutableState;)Lkotlin/jvm/functions/Function0; [
      // handle kind 0x6 : INVOKESTATIC
      java/lang/invoke/LambdaMetafactory.metafactory(Ljava/lang/invoke/MethodHandles$Lookup;Ljava/lang/String;Ljava/lang/invoke/MethodType;Ljava/lang/invoke/MethodType;Ljava/lang/invoke/MethodHandle;Ljava/lang/invoke/MethodType;)Ljava/lang/invoke/CallSite;
      // arguments:
      ()Ljava/lang/Object;, 
      // handle kind 0x6 : INVOKESTATIC
      com/muddassir/clearview/todo/ui/TodoEditorKt.TodoEditorDialog$lambda$151$lambda$150$lambda$149$lambda$147$lambda$92$lambda$91(Landroidx/compose/runtime/MutableState;)Lkotlin/Unit;, 
      ()Lkotlin/Unit;
    ]
    GOTO L304
   L304
    ASTORE 101
    ALOAD 96
    ALOAD 98
    ALOAD 101
   L305
    LINENUMBER 2148 L305
    ASTORE 94
   L306
    LINENUMBER 2149 L306
    ALOAD 89
    ALOAD 94
    INVOKEINTERFACE androidx/compose/runtime/Composer.updateRememberedValue (Ljava/lang/Object;)V (itf)
   L307
    LINENUMBER 2150 L307
    ALOAD 94
   L308
    GOTO L309
   L302
    LINENUMBER 2151 L302
    ALOAD 91
   L309
    LINENUMBER 2146 L309
    NOP
   L310
    LINENUMBER 2146 L310
    GOTO L311
   L311
    LINENUMBER 479 L311
    CHECKCAST kotlin/jvm/functions/Function0
    ASTORE 88
    ALOAD 85
    INVOKESTATIC androidx/compose/runtime/ComposerKt.sourceInformationMarkerEnd (Landroidx/compose/runtime/Composer;)V
    ALOAD 88
    ACONST_NULL
    ALOAD 85
    SIPUSH 384
    BIPUSH 8
   L312
    LINENUMBER 476 L312
    INVOKESTATIC com/muddassir/clearview/todo/ui/TodoEditorKt.EditorChoiceRow (Ljava/lang/String;Ljava/lang/String;Lkotlin/jvm/functions/Function0;Ljava/lang/String;Landroidx/compose/runtime/Composer;II)V
   L313
    LINENUMBER 481 L313
    ALOAD 13
    INVOKESTATIC com/muddassir/clearview/todo/ui/TodoEditorKt.TodoEditorDialog$lambda$13 (Landroidx/compose/runtime/MutableState;)Lcom/muddassir/clearview/todo/ui/PeriodChoice;
    GETSTATIC com/muddassir/clearview/todo/ui/PeriodChoice.CUSTOM : Lcom/muddassir/clearview/todo/ui/PeriodChoice;
    IF_ACMPNE L314
    ALOAD 85
    LDC -1554135100
    INVOKEINTERFACE androidx/compose/runtime/Composer.startReplaceGroup (I)V (itf)
    ALOAD 85
    LDC "482@22090L50,484@22255L33,481@22033L285,487@22404L48,489@22565L31,486@22347L279"
    INVOKESTATIC androidx/compose/runtime/ComposerKt.sourceInformation (Landroidx/compose/runtime/Composer;Ljava/lang/String;)V
   L315
    LINENUMBER 483 L315
    GETSTATIC com/muddassir/clearview/R$string.todo_date_range_start : I
    ICONST_1
    ANEWARRAY java/lang/Object
    ASTORE 88
    ALOAD 88
    ICONST_0
    LDC ""
    AASTORE
    ALOAD 88
    ALOAD 85
    ICONST_0
    INVOKESTATIC androidx/compose/ui/res/StringResources_androidKt.stringResource (I[Ljava/lang/Object;Landroidx/compose/runtime/Composer;I)Ljava/lang/String;
   L316
    LINENUMBER 484 L316
    GETSTATIC com/muddassir/clearview/todo/ui/TodoEditorKt.DATE_FORMAT : Ljava/time/format/DateTimeFormatter;
    ALOAD 14
    INVOKESTATIC com/muddassir/clearview/todo/ui/TodoEditorKt.TodoEditorDialog$lambda$16 (Landroidx/compose/runtime/MutableState;)Ljava/time/LocalDate;
    CHECKCAST java/time/temporal/TemporalAccessor
    INVOKEVIRTUAL java/time/format/DateTimeFormatter.format (Ljava/time/temporal/TemporalAccessor;)Ljava/lang/String;
    ASTORE 88
    ALOAD 88
    LDC "format(...)"
    INVOKESTATIC kotlin/jvm/internal/Intrinsics.checkNotNullExpressionValue (Ljava/lang/Object;Ljava/lang/String;)V
    ALOAD 88
    CHECKCAST java/lang/String
    ALOAD 85
    LDC 365516054
    LDC "CC(remember):TodoEditor.kt#9igjgp"
   L317
    LINENUMBER 485 L317
    INVOKESTATIC androidx/compose/runtime/ComposerKt.sourceInformationMarkerStart (Landroidx/compose/runtime/Composer;ILjava/lang/String;)V
    ALOAD 85
    ASTORE 89
    ICONST_0
    ISTORE 90
   L318
    ICONST_0
    ISTORE 100
   L319
    LINENUMBER 2152 L319
    ALOAD 89
    INVOKEINTERFACE androidx/compose/runtime/Composer.rememberedValue ()Ljava/lang/Object; (itf)
    ASTORE 91
   L320
    ICONST_0
    ISTORE 92
   L321
    LINENUMBER 2153 L321
    ILOAD 90
    IFNE L322
    ALOAD 91
    GETSTATIC androidx/compose/runtime/Composer.Companion : Landroidx/compose/runtime/Composer$Companion;
    INVOKEVIRTUAL androidx/compose/runtime/Composer$Companion.getEmpty ()Ljava/lang/Object;
    IF_ACMPNE L323
   L322
    LINENUMBER 2154 L322
    ASTORE 98
    ASTORE 96
    ICONST_0
    ISTORE 93
   L324
    LINENUMBER 485 L324
    ALOAD 16
    INVOKEDYNAMIC invoke(Landroidx/compose/runtime/MutableState;)Lkotlin/jvm/functions/Function0; [
      // handle kind 0x6 : INVOKESTATIC
      java/lang/invoke/LambdaMetafactory.metafactory(Ljava/lang/invoke/MethodHandles$Lookup;Ljava/lang/String;Ljava/lang/invoke/MethodType;Ljava/lang/invoke/MethodType;Ljava/lang/invoke/MethodHandle;Ljava/lang/invoke/MethodType;)Ljava/lang/invoke/CallSite;
      // arguments:
      ()Ljava/lang/Object;, 
      // handle kind 0x6 : INVOKESTATIC
      com/muddassir/clearview/todo/ui/TodoEditorKt.TodoEditorDialog$lambda$151$lambda$150$lambda$149$lambda$147$lambda$94$lambda$93(Landroidx/compose/runtime/MutableState;)Lkotlin/Unit;, 
      ()Lkotlin/Unit;
    ]
    GOTO L325
   L325
    ASTORE 101
    ALOAD 96
    ALOAD 98
    ALOAD 101
   L326
    LINENUMBER 2154 L326
    ASTORE 94
   L327
    LINENUMBER 2155 L327
    ALOAD 89
    ALOAD 94
    INVOKEINTERFACE androidx/compose/runtime/Composer.updateRememberedValue (Ljava/lang/Object;)V (itf)
   L328
    LINENUMBER 2156 L328
    ALOAD 94
   L329
    GOTO L330
   L323
    LINENUMBER 2157 L323
    ALOAD 91
   L330
    LINENUMBER 2152 L330
    NOP
   L331
    LINENUMBER 2152 L331
    GOTO L332
   L332
    LINENUMBER 485 L332
    CHECKCAST kotlin/jvm/functions/Function0
    ASTORE 88
    ALOAD 85
    INVOKESTATIC androidx/compose/runtime/ComposerKt.sourceInformationMarkerEnd (Landroidx/compose/runtime/Composer;)V
    ALOAD 88
    ACONST_NULL
    ALOAD 85
    SIPUSH 384
    BIPUSH 8
   L333
    LINENUMBER 482 L333
    INVOKESTATIC com/muddassir/clearview/todo/ui/TodoEditorKt.EditorChoiceRow (Ljava/lang/String;Ljava/lang/String;Lkotlin/jvm/functions/Function0;Ljava/lang/String;Landroidx/compose/runtime/Composer;II)V
   L334
    LINENUMBER 488 L334
    GETSTATIC com/muddassir/clearview/R$string.todo_date_range_end : I
    ICONST_1
    ANEWARRAY java/lang/Object
    ASTORE 88
    ALOAD 88
    ICONST_0
    LDC ""
    AASTORE
    ALOAD 88
    ALOAD 85
    ICONST_0
    INVOKESTATIC androidx/compose/ui/res/StringResources_androidKt.stringResource (I[Ljava/lang/Object;Landroidx/compose/runtime/Composer;I)Ljava/lang/String;
   L335
    LINENUMBER 489 L335
    GETSTATIC com/muddassir/clearview/todo/ui/TodoEditorKt.DATE_FORMAT : Ljava/time/format/DateTimeFormatter;
    ALOAD 15
    INVOKESTATIC com/muddassir/clearview/todo/ui/TodoEditorKt.TodoEditorDialog$lambda$20 (Landroidx/compose/runtime/MutableState;)Ljava/time/LocalDate;
    CHECKCAST java/time/temporal/TemporalAccessor
    INVOKEVIRTUAL java/time/format/DateTimeFormatter.format (Ljava/time/temporal/TemporalAccessor;)Ljava/lang/String;
    ASTORE 88
    ALOAD 88
    LDC "format(...)"
    INVOKESTATIC kotlin/jvm/internal/Intrinsics.checkNotNullExpressionValue (Ljava/lang/Object;Ljava/lang/String;)V
    ALOAD 88
    CHECKCAST java/lang/String
    ALOAD 85
    LDC 365525972
    LDC "CC(remember):TodoEditor.kt#9igjgp"
   L336
    LINENUMBER 490 L336
    INVOKESTATIC androidx/compose/runtime/ComposerKt.sourceInformationMarkerStart (Landroidx/compose/runtime/Composer;ILjava/lang/String;)V
    ALOAD 85
    ASTORE 89
    ICONST_0
    ISTORE 90
   L337
    ICONST_0
    ISTORE 100
   L338
    LINENUMBER 2158 L338
    ALOAD 89
    INVOKEINTERFACE androidx/compose/runtime/Composer.rememberedValue ()Ljava/lang/Object; (itf)
    ASTORE 91
   L339
    ICONST_0
    ISTORE 92
   L340
    LINENUMBER 2159 L340
    ILOAD 90
    IFNE L341
    ALOAD 91
    GETSTATIC androidx/compose/runtime/Composer.Companion : Landroidx/compose/runtime/Composer$Companion;
    INVOKEVIRTUAL androidx/compose/runtime/Composer$Companion.getEmpty ()Ljava/lang/Object;
    IF_ACMPNE L342
   L341
    LINENUMBER 2160 L341
    ASTORE 98
    ASTORE 96
    ICONST_0
    ISTORE 93
   L343
    LINENUMBER 490 L343
    ALOAD 16
    INVOKEDYNAMIC invoke(Landroidx/compose/runtime/MutableState;)Lkotlin/jvm/functions/Function0; [
      // handle kind 0x6 : INVOKESTATIC
      java/lang/invoke/LambdaMetafactory.metafactory(Ljava/lang/invoke/MethodHandles$Lookup;Ljava/lang/String;Ljava/lang/invoke/MethodType;Ljava/lang/invoke/MethodType;Ljava/lang/invoke/MethodHandle;Ljava/lang/invoke/MethodType;)Ljava/lang/invoke/CallSite;
      // arguments:
      ()Ljava/lang/Object;, 
      // handle kind 0x6 : INVOKESTATIC
      com/muddassir/clearview/todo/ui/TodoEditorKt.TodoEditorDialog$lambda$151$lambda$150$lambda$149$lambda$147$lambda$96$lambda$95(Landroidx/compose/runtime/MutableState;)Lkotlin/Unit;, 
      ()Lkotlin/Unit;
    ]
    GOTO L344
   L344
    ASTORE 101
    ALOAD 96
    ALOAD 98
    ALOAD 101
   L345
    LINENUMBER 2160 L345
    ASTORE 94
   L346
    LINENUMBER 2161 L346
    ALOAD 89
    ALOAD 94
    INVOKEINTERFACE androidx/compose/runtime/Composer.updateRememberedValue (Ljava/lang/Object;)V (itf)
   L347
    LINENUMBER 2162 L347
    ALOAD 94
   L348
    GOTO L349
   L342
    LINENUMBER 2163 L342
    ALOAD 91
   L349
    LINENUMBER 2158 L349
    NOP
   L350
    LINENUMBER 2158 L350
    GOTO L351
   L351
    LINENUMBER 490 L351
    CHECKCAST kotlin/jvm/functions/Function0
    ASTORE 88
    ALOAD 85
    INVOKESTATIC androidx/compose/runtime/ComposerKt.sourceInformationMarkerEnd (Landroidx/compose/runtime/Composer;)V
    ALOAD 88
    ACONST_NULL
    ALOAD 85
    SIPUSH 384
    BIPUSH 8
   L352
    LINENUMBER 487 L352
    INVOKESTATIC com/muddassir/clearview/todo/ui/TodoEditorKt.EditorChoiceRow (Ljava/lang/String;Ljava/lang/String;Lkotlin/jvm/functions/Function0;Ljava/lang/String;Landroidx/compose/runtime/Composer;II)V
   L353
    LINENUMBER 481 L353
    ALOAD 85
    INVOKEINTERFACE androidx/compose/runtime/Composer.endReplaceGroup ()V (itf)
    GOTO L354
   L314
    ALOAD 85
    LDC -1575983187
    INVOKEINTERFACE androidx/compose/runtime/Composer.startReplaceGroup (I)V (itf)
    ALOAD 85
    INVOKEINTERFACE androidx/compose/runtime/Composer.endReplaceGroup ()V (itf)
   L354
    LINENUMBER 472 L354
    ALOAD 85
    INVOKEINTERFACE androidx/compose/runtime/Composer.endReplaceGroup ()V (itf)
    GOTO L355
   L293
    LINENUMBER 493 L293
    ALOAD 85
    LDC -1553426874
    INVOKEINTERFACE androidx/compose/runtime/Composer.startReplaceGroup (I)V (itf)
    ALOAD 85
    LDC "493@22706L488,502@23219L29,505@23383L185,503@23273L321,510@23619L29,520@24308L10,522@24444L11,514@23925L564"
    INVOKESTATIC androidx/compose/runtime/ComposerKt.sourceInformation (Landroidx/compose/runtime/Composer;Ljava/lang/String;)V
   L356
    LINENUMBER 494 L356
    GETSTATIC androidx/compose/ui/Alignment.Companion : Landroidx/compose/ui/Alignment$Companion;
    INVOKEVIRTUAL androidx/compose/ui/Alignment$Companion.getCenterVertically ()Landroidx/compose/ui/Alignment$Vertical;
    ASTORE 90
    ALOAD 85
    ASTORE 100
    SIPUSH 384
    ISTORE 91
   L357
    ICONST_0
    ISTORE 92
   L358
    ALOAD 100
    LDC 844473419
    LDC "CC(Row)N(modifier,horizontalArrangement,verticalAlignment,content)99@5125L58,100@5188L131:Row.kt#2w3rfo"
   L359
    LINENUMBER 2164 L359
    INVOKESTATIC androidx/compose/runtime/ComposerKt.sourceInformationMarkerStart (Landroidx/compose/runtime/Composer;ILjava/lang/String;)V
   L360
    LINENUMBER 2165 L360
    GETSTATIC androidx/compose/ui/Modifier.Companion : Landroidx/compose/ui/Modifier$Companion;
    CHECKCAST androidx/compose/ui/Modifier
    ASTORE 88
   L361
    LINENUMBER 2166 L361
    GETSTATIC androidx/compose/foundation/layout/Arrangement.INSTANCE : Landroidx/compose/foundation/layout/Arrangement;
    INVOKEVIRTUAL androidx/compose/foundation/layout/Arrangement.getStart ()Landroidx/compose/foundation/layout/Arrangement$Horizontal;
    ASTORE 89
   L362
    LINENUMBER 2170 L362
    ALOAD 89
    ALOAD 90
    ALOAD 100
    BIPUSH 14
    ILOAD 91
    ICONST_3
    ISHR
    IAND
    BIPUSH 112
    ILOAD 91
    ICONST_3
    ISHR
    IAND
    IOR
    INVOKESTATIC androidx/compose/foundation/layout/RowKt.rowMeasurePolicy (Landroidx/compose/foundation/layout/Arrangement$Horizontal;Landroidx/compose/ui/Alignment$Vertical;Landroidx/compose/runtime/Composer;I)Landroidx/compose/ui/layout/MeasurePolicy;
    ASTORE 93
   L363
    LINENUMBER 2174 L363
    ALOAD 88
    ASTORE 94
   L364
    LINENUMBER 2173 L364
    ALOAD 93
    ASTORE 95
    ALOAD 100
    ASTORE 97
    BIPUSH 112
    ILOAD 91
    ICONST_3
    ISHL
    IAND
    ISTORE 99
   L365
    LINENUMBER 2171 L365
    NOP
   L366
    ICONST_0
    ISTORE 102
   L367
    ALOAD 97
    LDC -1159599143
    LDC "CC(Layout)P(!1,2)81@3355L27,84@3521L416:Layout.kt#80mrfh"
   L368
    LINENUMBER 2175 L368
    INVOKESTATIC androidx/compose/runtime/ComposerKt.sourceInformationMarkerStart (Landroidx/compose/runtime/Composer;ILjava/lang/String;)V
   L369
    LINENUMBER 2176 L369
    ALOAD 97
    ICONST_0
    INVOKESTATIC androidx/compose/runtime/ComposablesKt.getCurrentCompositeKeyHashCode (Landroidx/compose/runtime/Composer;I)J
    INVOKESTATIC java/lang/Long.hashCode (J)I
    ISTORE 103
   L370
    ALOAD 97
   L371
    LINENUMBER 2177 L371
    INVOKEINTERFACE androidx/compose/runtime/Composer.getCurrentCompositionLocalMap ()Landroidx/compose/runtime/CompositionLocalMap; (itf)
    ASTORE 104
   L372
    ALOAD 97
   L373
    LINENUMBER 2178 L373
    ALOAD 94
    INVOKESTATIC androidx/compose/ui/ComposedModifierKt.materializeModifier (Landroidx/compose/runtime/Composer;Landroidx/compose/ui/Modifier;)Landroidx/compose/ui/Modifier;
    ASTORE 105
   L374
    LINENUMBER 2180 L374
    GETSTATIC androidx/compose/ui/node/ComposeUiNode.Companion : Landroidx/compose/ui/node/ComposeUiNode$Companion;
    INVOKEVIRTUAL androidx/compose/ui/node/ComposeUiNode$Companion.getConstructor ()Lkotlin/jvm/functions/Function0;
    ASTORE 106
    ALOAD 97
    ASTORE 107
    BIPUSH 6
    SIPUSH 896
    ILOAD 99
    BIPUSH 6
    ISHL
    IAND
    IOR
    ISTORE 108
   L375
    LINENUMBER 2179 L375
    NOP
   L376
    ICONST_0
    ISTORE 109
   L377
    ALOAD 107
    LDC -553112988
    LDC "CC(ReusableComposeNode)N(factory,update,content)399@15590L9:Composables.kt#9igjgp"
   L378
    LINENUMBER 2181 L378
    INVOKESTATIC androidx/compose/runtime/ComposerKt.sourceInformationMarkerStart (Landroidx/compose/runtime/Composer;ILjava/lang/String;)V
   L379
    LINENUMBER 2182 L379
    ALOAD 107
    INVOKEINTERFACE androidx/compose/runtime/Composer.getApplier ()Landroidx/compose/runtime/Applier; (itf)
    INSTANCEOF androidx/compose/runtime/Applier
    IFNE L380
    INVOKESTATIC androidx/compose/runtime/ComposablesKt.invalidApplier ()V
   L380
    ALOAD 107
   L381
    LINENUMBER 2183 L381
    INVOKEINTERFACE androidx/compose/runtime/Composer.startReusableNode ()V (itf)
   L382
    LINENUMBER 2184 L382
    ALOAD 107
    INVOKEINTERFACE androidx/compose/runtime/Composer.getInserting ()Z (itf)
    IFEQ L383
    ALOAD 107
   L384
    LINENUMBER 2185 L384
    ALOAD 106
    INVOKEINTERFACE androidx/compose/runtime/Composer.createNode (Lkotlin/jvm/functions/Function0;)V (itf)
    GOTO L385
   L383
    ALOAD 107
   L386
    LINENUMBER 2187 L386
    INVOKEINTERFACE androidx/compose/runtime/Composer.useNode ()V (itf)
   L385
    LINENUMBER 2189 L385
    ALOAD 107
    INVOKESTATIC androidx/compose/runtime/Updater.constructor-impl (Landroidx/compose/runtime/Composer;)Landroidx/compose/runtime/Composer;
    ASTORE 110
   L387
    ICONST_0
    ISTORE 111
   L388
    LINENUMBER 2190 L388
    ALOAD 110
    ALOAD 95
    GETSTATIC androidx/compose/ui/node/ComposeUiNode.Companion : Landroidx/compose/ui/node/ComposeUiNode$Companion;
    INVOKEVIRTUAL androidx/compose/ui/node/ComposeUiNode$Companion.getSetMeasurePolicy ()Lkotlin/jvm/functions/Function2;
    INVOKESTATIC androidx/compose/runtime/Updater.set-impl (Landroidx/compose/runtime/Composer;Ljava/lang/Object;Lkotlin/jvm/functions/Function2;)V
   L389
    LINENUMBER 2191 L389
    ALOAD 110
    ALOAD 104
    GETSTATIC androidx/compose/ui/node/ComposeUiNode.Companion : Landroidx/compose/ui/node/ComposeUiNode$Companion;
    INVOKEVIRTUAL androidx/compose/ui/node/ComposeUiNode$Companion.getSetResolvedCompositionLocals ()Lkotlin/jvm/functions/Function2;
    INVOKESTATIC androidx/compose/runtime/Updater.set-impl (Landroidx/compose/runtime/Composer;Ljava/lang/Object;Lkotlin/jvm/functions/Function2;)V
   L390
    LINENUMBER 2192 L390
    ALOAD 110
    ILOAD 103
    INVOKESTATIC java/lang/Integer.valueOf (I)Ljava/lang/Integer;
    GETSTATIC androidx/compose/ui/node/ComposeUiNode.Companion : Landroidx/compose/ui/node/ComposeUiNode$Companion;
    INVOKEVIRTUAL androidx/compose/ui/node/ComposeUiNode$Companion.getSetCompositeKeyHash ()Lkotlin/jvm/functions/Function2;
    INVOKESTATIC androidx/compose/runtime/Updater.init-impl (Landroidx/compose/runtime/Composer;Ljava/lang/Object;Lkotlin/jvm/functions/Function2;)V
   L391
    LINENUMBER 2193 L391
    ALOAD 110
    GETSTATIC androidx/compose/ui/node/ComposeUiNode.Companion : Landroidx/compose/ui/node/ComposeUiNode$Companion;
    INVOKEVIRTUAL androidx/compose/ui/node/ComposeUiNode$Companion.getApplyOnDeactivatedNodeAssertion ()Lkotlin/jvm/functions/Function1;
    INVOKESTATIC androidx/compose/runtime/Updater.reconcile-impl (Landroidx/compose/runtime/Composer;Lkotlin/jvm/functions/Function1;)V
   L392
    LINENUMBER 2194 L392
    ALOAD 110
    ALOAD 105
    GETSTATIC androidx/compose/ui/node/ComposeUiNode.Companion : Landroidx/compose/ui/node/ComposeUiNode$Companion;
    INVOKEVIRTUAL androidx/compose/ui/node/ComposeUiNode$Companion.getSetModifier ()Lkotlin/jvm/functions/Function2;
    INVOKESTATIC androidx/compose/runtime/Updater.set-impl (Landroidx/compose/runtime/Composer;Ljava/lang/Object;Lkotlin/jvm/functions/Function2;)V
   L393
    LINENUMBER 2195 L393
    NOP
   L394
    LINENUMBER 2189 L394
    NOP
   L395
    LINENUMBER 2196 L395
    ALOAD 107
    BIPUSH 14
    ILOAD 108
    BIPUSH 6
    ISHR
    IAND
    ISTORE 112
    ASTORE 113
   L396
    ICONST_0
    ISTORE 114
   L397
    ALOAD 113
    LDC 1456264949
    LDC "C101@5233L9:Row.kt#2w3rfo"
   L398
    LINENUMBER 2172 L398
    INVOKESTATIC androidx/compose/runtime/ComposerKt.sourceInformationMarkerStart (Landroidx/compose/runtime/Composer;ILjava/lang/String;)V
    GETSTATIC androidx/compose/foundation/layout/RowScopeInstance.INSTANCE : Landroidx/compose/foundation/layout/RowScopeInstance;
    ALOAD 113
    BIPUSH 6
    BIPUSH 112
    ILOAD 91
    BIPUSH 6
    ISHR
    IAND
    IOR
    INVOKESTATIC java/lang/Integer.valueOf (I)Ljava/lang/Integer;
    CHECKCAST java/lang/Number
    INVOKEVIRTUAL java/lang/Number.intValue ()I
    ISTORE 115
    CHECKCAST androidx/compose/runtime/Composer
    ASTORE 116
    CHECKCAST androidx/compose/foundation/layout/RowScope
    ASTORE 117
   L399
    ICONST_0
    ISTORE 118
   L400
    ALOAD 116
    LDC 1508309329
    LDC "C495@22839L41,494@22788L186,498@23024L33,498@23003L165:TodoEditor.kt#sr0y55"
   L401
    LINENUMBER 495 L401
    INVOKESTATIC androidx/compose/runtime/ComposerKt.sourceInformationMarkerStart (Landroidx/compose/runtime/Composer;ILjava/lang/String;)V
   L402
    LINENUMBER 496 L402
    GETSTATIC com/muddassir/clearview/R$string.todo_active_days : I
    ALOAD 116
    ICONST_0
    INVOKESTATIC androidx/compose/ui/res/StringResources_androidKt.stringResource (ILandroidx/compose/runtime/Composer;I)Ljava/lang/String;
   L403
    LINENUMBER 497 L403
    ALOAD 117
    GETSTATIC androidx/compose/ui/Modifier.Companion : Landroidx/compose/ui/Modifier$Companion;
    CHECKCAST androidx/compose/ui/Modifier
    FCONST_1
    ICONST_0
    ICONST_2
    ACONST_NULL
    INVOKESTATIC androidx/compose/foundation/layout/RowScope.weight$default (Landroidx/compose/foundation/layout/RowScope;Landroidx/compose/ui/Modifier;FZILjava/lang/Object;)Landroidx/compose/ui/Modifier; (itf)
    ALOAD 116
    ICONST_0
    ICONST_0
   L404
    LINENUMBER 495 L404
    INVOKESTATIC com/muddassir/clearview/todo/ui/TodoEditorKt.FieldLabel (Ljava/lang/String;Landroidx/compose/ui/Modifier;Landroidx/compose/runtime/Composer;II)V
    ALOAD 116
    LDC -1613905641
    LDC "CC(remember):TodoEditor.kt#9igjgp"
   L405
    LINENUMBER 499 L405
    INVOKESTATIC androidx/compose/runtime/ComposerKt.sourceInformationMarkerStart (Landroidx/compose/runtime/Composer;ILjava/lang/String;)V
    ALOAD 116
    ASTORE 119
    ICONST_0
    ISTORE 120
   L406
    ICONST_0
    ISTORE 121
   L407
    LINENUMBER 2197 L407
    ALOAD 119
    INVOKEINTERFACE androidx/compose/runtime/Composer.rememberedValue ()Ljava/lang/Object; (itf)
    ASTORE 122
   L408
    ICONST_0
    ISTORE 123
   L409
    LINENUMBER 2198 L409
    ILOAD 120
    IFNE L410
    ALOAD 122
    GETSTATIC androidx/compose/runtime/Composer.Companion : Landroidx/compose/runtime/Composer$Companion;
    INVOKEVIRTUAL androidx/compose/runtime/Composer$Companion.getEmpty ()Ljava/lang/Object;
    IF_ACMPNE L411
   L410
    LINENUMBER 2199 L410
    ICONST_0
    ISTORE 124
   L412
    LINENUMBER 499 L412
    ALOAD 17
    INVOKEDYNAMIC invoke(Landroidx/compose/runtime/MutableState;)Lkotlin/jvm/functions/Function0; [
      // handle kind 0x6 : INVOKESTATIC
      java/lang/invoke/LambdaMetafactory.metafactory(Ljava/lang/invoke/MethodHandles$Lookup;Ljava/lang/String;Ljava/lang/invoke/MethodType;Ljava/lang/invoke/MethodType;Ljava/lang/invoke/MethodHandle;Ljava/lang/invoke/MethodType;)Ljava/lang/invoke/CallSite;
      // arguments:
      ()Ljava/lang/Object;, 
      // handle kind 0x6 : INVOKESTATIC
      com/muddassir/clearview/todo/ui/TodoEditorKt.TodoEditorDialog$lambda$151$lambda$150$lambda$149$lambda$147$lambda$99$lambda$98$lambda$97(Landroidx/compose/runtime/MutableState;)Lkotlin/Unit;, 
      ()Lkotlin/Unit;
    ]
    GOTO L413
   L413
    LINENUMBER 2199 L413
    ASTORE 125
   L414
    LINENUMBER 2200 L414
    ALOAD 119
    ALOAD 125
    INVOKEINTERFACE androidx/compose/runtime/Composer.updateRememberedValue (Ljava/lang/Object;)V (itf)
   L415
    LINENUMBER 2201 L415
    ALOAD 125
   L416
    GOTO L417
   L411
    LINENUMBER 2202 L411
    ALOAD 122
   L417
    LINENUMBER 2197 L417
    NOP
   L418
    LINENUMBER 2197 L418
    GOTO L419
   L419
    LINENUMBER 499 L419
    CHECKCAST kotlin/jvm/functions/Function0
    ASTORE 126
    ALOAD 116
    INVOKESTATIC androidx/compose/runtime/ComposerKt.sourceInformationMarkerEnd (Landroidx/compose/runtime/Composer;)V
    ALOAD 126
    ACONST_NULL
    ICONST_0
    ACONST_NULL
    ACONST_NULL
    ACONST_NULL
    ACONST_NULL
    ACONST_NULL
    ACONST_NULL
    GETSTATIC com/muddassir/clearview/todo/ui/ComposableSingletons$TodoEditorKt.INSTANCE : Lcom/muddassir/clearview/todo/ui/ComposableSingletons$TodoEditorKt;
    INVOKEVIRTUAL com/muddassir/clearview/todo/ui/ComposableSingletons$TodoEditorKt.getLambda$-20808551$app ()Lkotlin/jvm/functions/Function3;
    ALOAD 116
    LDC 805306374
    SIPUSH 510
    INVOKESTATIC androidx/compose/material3/ButtonKt.TextButton (Lkotlin/jvm/functions/Function0;Landroidx/compose/ui/Modifier;ZLandroidx/compose/ui/graphics/Shape;Landroidx/compose/material3/ButtonColors;Landroidx/compose/material3/ButtonElevation;Landroidx/compose/foundation/BorderStroke;Landroidx/compose/foundation/layout/PaddingValues;Landroidx/compose/foundation/interaction/MutableInteractionSource;Lkotlin/jvm/functions/Function3;Landroidx/compose/runtime/Composer;II)V
    ALOAD 116
   L420
    LINENUMBER 495 L420
    INVOKESTATIC androidx/compose/runtime/ComposerKt.sourceInformationMarkerEnd (Landroidx/compose/runtime/Composer;)V
   L421
    LINENUMBER 502 L421
    GOTO L422
   L422
    GETSTATIC kotlin/Unit.INSTANCE : Lkotlin/Unit;
   L423
    LINENUMBER 2172 L423
    POP
    ALOAD 113
    INVOKESTATIC androidx/compose/runtime/ComposerKt.sourceInformationMarkerEnd (Landroidx/compose/runtime/Composer;)V
   L424
    LINENUMBER 2196 L424
    ALOAD 107
   L425
    LINENUMBER 2203 L425
    INVOKEINTERFACE androidx/compose/runtime/Composer.endNode ()V (itf)
    ALOAD 107
   L426
    LINENUMBER 2181 L426
    INVOKESTATIC androidx/compose/runtime/ComposerKt.sourceInformationMarkerEnd (Landroidx/compose/runtime/Composer;)V
   L427
    LINENUMBER 2204 L427
    NOP
   L428
    ALOAD 97
   L429
    LINENUMBER 2175 L429
    INVOKESTATIC androidx/compose/runtime/ComposerKt.sourceInformationMarkerEnd (Landroidx/compose/runtime/Composer;)V
   L430
    LINENUMBER 2205 L430
    NOP
   L431
    ALOAD 100
   L432
    LINENUMBER 2164 L432
    INVOKESTATIC androidx/compose/runtime/ComposerKt.sourceInformationMarkerEnd (Landroidx/compose/runtime/Composer;)V
   L433
    LINENUMBER 2206 L433
    GOTO L434
   L434
    LINENUMBER 503 L434
    GETSTATIC androidx/compose/ui/Modifier.Companion : Landroidx/compose/ui/Modifier$Companion;
    CHECKCAST androidx/compose/ui/Modifier
    ICONST_4
    ISTORE 88
   L435
    ICONST_0
    ISTORE 89
   L436
    LINENUMBER 2207 L436
    ILOAD 88
    I2F
    INVOKESTATIC androidx/compose/ui/unit/Dp.constructor-impl (F)F
    GOTO L437
   L437
    LINENUMBER 503 L437
    INVOKESTATIC androidx/compose/foundation/layout/SizeKt.height-3ABfNKs (Landroidx/compose/ui/Modifier;F)Landroidx/compose/ui/Modifier;
    ALOAD 85
    BIPUSH 6
    INVOKESTATIC androidx/compose/foundation/layout/SpacerKt.Spacer (Landroidx/compose/ui/Modifier;Landroidx/compose/runtime/Composer;I)V
   L438
    LINENUMBER 505 L438
    ALOAD 17
    INVOKESTATIC com/muddassir/clearview/todo/ui/TodoEditorKt.TodoEditorDialog$lambda$24 (Landroidx/compose/runtime/MutableState;)Ljava/util/Set;
    ALOAD 85
    LDC 365552302
    LDC "CC(remember):TodoEditor.kt#9igjgp"
   L439
    LINENUMBER 506 L439
    INVOKESTATIC androidx/compose/runtime/ComposerKt.sourceInformationMarkerStart (Landroidx/compose/runtime/Composer;ILjava/lang/String;)V
    ALOAD 85
    ASTORE 89
    ICONST_0
    ISTORE 90
   L440
    ICONST_0
    ISTORE 100
   L441
    LINENUMBER 2208 L441
    ALOAD 89
    INVOKEINTERFACE androidx/compose/runtime/Composer.rememberedValue ()Ljava/lang/Object; (itf)
    ASTORE 91
   L442
    ICONST_0
    ISTORE 92
   L443
    LINENUMBER 2209 L443
    ILOAD 90
    IFNE L444
    ALOAD 91
    GETSTATIC androidx/compose/runtime/Composer.Companion : Landroidx/compose/runtime/Composer$Companion;
    INVOKEVIRTUAL androidx/compose/runtime/Composer$Companion.getEmpty ()Ljava/lang/Object;
    IF_ACMPNE L445
   L444
    LINENUMBER 2210 L444
    ASTORE 96
    ICONST_0
    ISTORE 93
   L446
    LINENUMBER 506 L446
    ALOAD 17
    INVOKEDYNAMIC invoke(Landroidx/compose/runtime/MutableState;)Lkotlin/jvm/functions/Function1; [
      // handle kind 0x6 : INVOKESTATIC
      java/lang/invoke/LambdaMetafactory.metafactory(Ljava/lang/invoke/MethodHandles$Lookup;Ljava/lang/String;Ljava/lang/invoke/MethodType;Ljava/lang/invoke/MethodType;Ljava/lang/invoke/MethodHandle;Ljava/lang/invoke/MethodType;)Ljava/lang/invoke/CallSite;
      // arguments:
      (Ljava/lang/Object;)Ljava/lang/Object;, 
      // handle kind 0x6 : INVOKESTATIC
      com/muddassir/clearview/todo/ui/TodoEditorKt.TodoEditorDialog$lambda$151$lambda$150$lambda$149$lambda$147$lambda$101$lambda$100(Landroidx/compose/runtime/MutableState;I)Lkotlin/Unit;, 
      (Ljava/lang/Integer;)Lkotlin/Unit;
    ]
    GOTO L447
   L447
    ASTORE 98
    ALOAD 96
    ALOAD 98
   L448
    LINENUMBER 2210 L448
    ASTORE 94
   L449
    LINENUMBER 2211 L449
    ALOAD 89
    ALOAD 94
    INVOKEINTERFACE androidx/compose/runtime/Composer.updateRememberedValue (Ljava/lang/Object;)V (itf)
   L450
    LINENUMBER 2212 L450
    ALOAD 94
   L451
    GOTO L452
   L445
    LINENUMBER 2213 L445
    ALOAD 91
   L452
    LINENUMBER 2208 L452
    NOP
   L453
    LINENUMBER 2208 L453
    GOTO L454
   L454
    LINENUMBER 506 L454
    CHECKCAST kotlin/jvm/functions/Function1
    ASTORE 88
    ALOAD 85
    INVOKESTATIC androidx/compose/runtime/ComposerKt.sourceInformationMarkerEnd (Landroidx/compose/runtime/Composer;)V
    ALOAD 88
    ALOAD 85
    BIPUSH 48
   L455
    LINENUMBER 504 L455
    INVOKESTATIC com/muddassir/clearview/todo/ui/TodoEditorKt.DayToggleRow (Ljava/util/Set;Lkotlin/jvm/functions/Function1;Landroidx/compose/runtime/Composer;I)V
   L456
    LINENUMBER 511 L456
    GETSTATIC androidx/compose/ui/Modifier.Companion : Landroidx/compose/ui/Modifier$Companion;
    CHECKCAST androidx/compose/ui/Modifier
    ICONST_4
    ISTORE 88
   L457
    ICONST_0
    ISTORE 89
   L458
    LINENUMBER 2214 L458
    ILOAD 88
    I2F
    INVOKESTATIC androidx/compose/ui/unit/Dp.constructor-impl (F)F
    GOTO L459
   L459
    LINENUMBER 511 L459
    INVOKESTATIC androidx/compose/foundation/layout/SizeKt.height-3ABfNKs (Landroidx/compose/ui/Modifier;F)Landroidx/compose/ui/Modifier;
    ALOAD 85
    BIPUSH 6
    INVOKESTATIC androidx/compose/foundation/layout/SpacerKt.Spacer (Landroidx/compose/ui/Modifier;Landroidx/compose/runtime/Composer;I)V
   L460
    LINENUMBER 516 L460
    ALOAD 17
    INVOKESTATIC com/muddassir/clearview/todo/ui/TodoEditorKt.TodoEditorDialog$lambda$24 (Landroidx/compose/runtime/MutableState;)Ljava/util/Set;
    INVOKEINTERFACE java/util/Set.isEmpty ()Z (itf)
    IFNE L461
    ALOAD 17
    INVOKESTATIC com/muddassir/clearview/todo/ui/TodoEditorKt.TodoEditorDialog$lambda$24 (Landroidx/compose/runtime/MutableState;)Ljava/util/Set;
    INVOKEINTERFACE java/util/Set.size ()I (itf)
    BIPUSH 7
    IF_ICMPNE L462
   L461
    ALOAD 85
    LDC -1552151162
    INVOKEINTERFACE androidx/compose/runtime/Composer.startReplaceGroup (I)V (itf)
    ALOAD 85
    LDC "516@24054L39"
    INVOKESTATIC androidx/compose/runtime/ComposerKt.sourceInformation (Landroidx/compose/runtime/Composer;Ljava/lang/String;)V
   L463
    LINENUMBER 517 L463
    GETSTATIC com/muddassir/clearview/R$string.todo_every_day : I
    ALOAD 85
    ICONST_0
    INVOKESTATIC androidx/compose/ui/res/StringResources_androidKt.stringResource (ILandroidx/compose/runtime/Composer;I)Ljava/lang/String;
   L464
    LINENUMBER 516 L464
    ASTORE 89
    ALOAD 85
    INVOKEINTERFACE androidx/compose/runtime/Composer.endReplaceGroup ()V (itf)
    ALOAD 89
    GOTO L465
   L462
    LINENUMBER 518 L462
    ALOAD 85
    LDC -1552042290
    INVOKEINTERFACE androidx/compose/runtime/Composer.startReplaceGroup (I)V (itf)
    ALOAD 85
    LDC "518@24205L21"
    INVOKESTATIC androidx/compose/runtime/ComposerKt.sourceInformation (Landroidx/compose/runtime/Composer;Ljava/lang/String;)V
   L466
    LINENUMBER 519 L466
    ALOAD 17
    INVOKESTATIC com/muddassir/clearview/todo/ui/TodoEditorKt.TodoEditorDialog$lambda$24 (Landroidx/compose/runtime/MutableState;)Ljava/util/Set;
    CHECKCAST java/lang/Iterable
    INVOKESTATIC kotlin/collections/CollectionsKt.sorted (Ljava/lang/Iterable;)Ljava/util/List;
    CHECKCAST java/lang/Iterable
    LDC " \u2022 "
    CHECKCAST java/lang/CharSequence
    ACONST_NULL
    ACONST_NULL
    ICONST_0
    ACONST_NULL
    ALOAD 85
    LDC 365578442
    LDC "CC(remember):TodoEditor.kt#9igjgp"
    INVOKESTATIC androidx/compose/runtime/ComposerKt.sourceInformationMarkerStart (Landroidx/compose/runtime/Composer;ILjava/lang/String;)V
    ALOAD 85
    ASTORE 100
    ICONST_0
    ISTORE 91
   L467
    ICONST_0
    ISTORE 92
   L468
    LINENUMBER 2215 L468
    ALOAD 100
    INVOKEINTERFACE androidx/compose/runtime/Composer.rememberedValue ()Ljava/lang/Object; (itf)
    ASTORE 93
   L469
    ICONST_0
    ISTORE 94
   L470
    LINENUMBER 2216 L470
    ILOAD 91
    IFNE L471
    ALOAD 93
    GETSTATIC androidx/compose/runtime/Composer.Companion : Landroidx/compose/runtime/Composer$Companion;
    INVOKEVIRTUAL androidx/compose/runtime/Composer$Companion.getEmpty ()Ljava/lang/Object;
    IF_ACMPNE L472
   L471
    LINENUMBER 2217 L471
    ASTORE 127
    ISTORE 128
    ASTORE 129
    ASTORE 101
    ASTORE 98
    ASTORE 96
    ICONST_0
    ISTORE 95
   L473
    INVOKEDYNAMIC invoke()Lkotlin/jvm/functions/Function1; [
      // handle kind 0x6 : INVOKESTATIC
      java/lang/invoke/LambdaMetafactory.metafactory(Ljava/lang/invoke/MethodHandles$Lookup;Ljava/lang/String;Ljava/lang/invoke/MethodType;Ljava/lang/invoke/MethodType;Ljava/lang/invoke/MethodHandle;Ljava/lang/invoke/MethodType;)Ljava/lang/invoke/CallSite;
      // arguments:
      (Ljava/lang/Object;)Ljava/lang/Object;, 
      // handle kind 0x6 : INVOKESTATIC
      com/muddassir/clearview/todo/ui/TodoEditorKt.TodoEditorDialog$lambda$151$lambda$150$lambda$149$lambda$147$lambda$103$lambda$102(I)Ljava/lang/CharSequence;, 
      (Ljava/lang/Integer;)Ljava/lang/CharSequence;
    ]
    GOTO L474
   L474
    ASTORE 130
    ALOAD 96
    ALOAD 98
    ALOAD 101
    ALOAD 129
    ILOAD 128
    ALOAD 127
    ALOAD 130
   L475
    LINENUMBER 2217 L475
    ASTORE 95
   L476
    LINENUMBER 2218 L476
    ALOAD 100
    ALOAD 95
    INVOKEINTERFACE androidx/compose/runtime/Composer.updateRememberedValue (Ljava/lang/Object;)V (itf)
   L477
    LINENUMBER 2219 L477
    ALOAD 95
   L478
    GOTO L479
   L472
    LINENUMBER 2220 L472
    ALOAD 93
   L479
    LINENUMBER 2215 L479
    NOP
   L480
    LINENUMBER 2215 L480
    GOTO L481
   L481
    LINENUMBER 519 L481
    CHECKCAST kotlin/jvm/functions/Function1
    ASTORE 90
    ALOAD 85
    INVOKESTATIC androidx/compose/runtime/ComposerKt.sourceInformationMarkerEnd (Landroidx/compose/runtime/Composer;)V
    ALOAD 90
    BIPUSH 30
    ACONST_NULL
    INVOKESTATIC kotlin/collections/CollectionsKt.joinToString$default (Ljava/lang/Iterable;Ljava/lang/CharSequence;Ljava/lang/CharSequence;Ljava/lang/CharSequence;ILjava/lang/CharSequence;Lkotlin/jvm/functions/Function1;ILjava/lang/Object;)Ljava/lang/String;
   L482
    LINENUMBER 518 L482
    ASTORE 89
    ALOAD 85
    INVOKEINTERFACE androidx/compose/runtime/Composer.endReplaceGroup ()V (itf)
    ALOAD 89
   L465
    LINENUMBER 516 L465
    ASTORE 88
   L483
    LINENUMBER 521 L483
    GETSTATIC androidx/compose/material3/MaterialTheme.INSTANCE : Landroidx/compose/material3/MaterialTheme;
    ALOAD 85
    GETSTATIC androidx/compose/material3/MaterialTheme.$stable : I
    INVOKEVIRTUAL androidx/compose/material3/MaterialTheme.getTypography (Landroidx/compose/runtime/Composer;I)Landroidx/compose/material3/Typography;
    INVOKEVIRTUAL androidx/compose/material3/Typography.getLabelMedium ()Landroidx/compose/ui/text/TextStyle;
    ASTORE 89
   L484
    LINENUMBER 522 L484
    GETSTATIC androidx/compose/ui/text/font/FontWeight.Companion : Landroidx/compose/ui/text/font/FontWeight$Companion;
    INVOKEVIRTUAL androidx/compose/ui/text/font/FontWeight$Companion.getSemiBold ()Landroidx/compose/ui/text/font/FontWeight;
    ASTORE 90
   L485
    LINENUMBER 523 L485
    GETSTATIC androidx/compose/material3/MaterialTheme.INSTANCE : Landroidx/compose/material3/MaterialTheme;
    ALOAD 85
    GETSTATIC androidx/compose/material3/MaterialTheme.$stable : I
    INVOKEVIRTUAL androidx/compose/material3/MaterialTheme.getColorScheme (Landroidx/compose/runtime/Composer;I)Landroidx/compose/material3/ColorScheme;
    INVOKEVIRTUAL androidx/compose/material3/ColorScheme.getPrimary-0d7_KjU ()J
    LSTORE 131
   L486
    LINENUMBER 516 L486
    ALOAD 88
    ACONST_NULL
   L487
    LINENUMBER 523 L487
    LLOAD 131
    ACONST_NULL
    LCONST_0
    ACONST_NULL
   L488
    LINENUMBER 522 L488
    ALOAD 90
    ACONST_NULL
    LCONST_0
    ACONST_NULL
    ACONST_NULL
    LCONST_0
    ICONST_0
    ICONST_0
    ICONST_0
    ICONST_0
    ACONST_NULL
   L489
    LINENUMBER 521 L489
    ALOAD 89
    ALOAD 85
    LDC 1572864
    ICONST_0
    LDC 131002
   L490
    LINENUMBER 515 L490
    INVOKESTATIC androidx/compose/material3/TextKt.Text-Nvy7gAk (Ljava/lang/String;Landroidx/compose/ui/Modifier;JLandroidx/compose/foundation/text/TextAutoSize;JLandroidx/compose/ui/text/font/FontStyle;Landroidx/compose/ui/text/font/FontWeight;Landroidx/compose/ui/text/font/FontFamily;JLandroidx/compose/ui/text/style/TextDecoration;Landroidx/compose/ui/text/style/TextAlign;JIZIILkotlin/jvm/functions/Function1;Landroidx/compose/ui/text/TextStyle;Landroidx/compose/runtime/Composer;III)V
   L491
    LINENUMBER 493 L491
    ALOAD 85
    INVOKEINTERFACE androidx/compose/runtime/Composer.endReplaceGroup ()V (itf)
   L355
    LINENUMBER 527 L355
    GETSTATIC androidx/compose/ui/Modifier.Companion : Landroidx/compose/ui/Modifier$Companion;
    CHECKCAST androidx/compose/ui/Modifier
    BIPUSH 18
    ISTORE 88
   L492
    ICONST_0
    ISTORE 89
   L493
    LINENUMBER 2221 L493
    ILOAD 88
    I2F
    INVOKESTATIC androidx/compose/ui/unit/Dp.constructor-impl (F)F
    GOTO L494
   L494
    LINENUMBER 527 L494
    INVOKESTATIC androidx/compose/foundation/layout/SizeKt.height-3ABfNKs (Landroidx/compose/ui/Modifier;F)Landroidx/compose/ui/Modifier;
    ALOAD 85
    BIPUSH 6
    INVOKESTATIC androidx/compose/foundation/layout/SpacerKt.Spacer (Landroidx/compose/ui/Modifier;Landroidx/compose/runtime/Composer;I)V
   L495
    LINENUMBER 528 L495
    GETSTATIC com/muddassir/clearview/R$string.todo_time : I
    ALOAD 85
    ICONST_0
    INVOKESTATIC androidx/compose/ui/res/StringResources_androidKt.stringResource (ILandroidx/compose/runtime/Composer;I)Ljava/lang/String;
    ACONST_NULL
    ALOAD 85
    ICONST_0
    ICONST_2
    INVOKESTATIC com/muddassir/clearview/todo/ui/TodoEditorKt.FieldLabel (Ljava/lang/String;Landroidx/compose/ui/Modifier;Landroidx/compose/runtime/Composer;II)V
   L496
    LINENUMBER 529 L496
    GETSTATIC androidx/compose/ui/Modifier.Companion : Landroidx/compose/ui/Modifier$Companion;
    CHECKCAST androidx/compose/ui/Modifier
    BIPUSH 8
    ISTORE 88
   L497
    ICONST_0
    ISTORE 89
   L498
    LINENUMBER 2222 L498
    ILOAD 88
    I2F
    INVOKESTATIC androidx/compose/ui/unit/Dp.constructor-impl (F)F
    GOTO L499
   L499
    LINENUMBER 529 L499
    INVOKESTATIC androidx/compose/foundation/layout/SizeKt.height-3ABfNKs (Landroidx/compose/ui/Modifier;F)Landroidx/compose/ui/Modifier;
    ALOAD 85
    BIPUSH 6
    INVOKESTATIC androidx/compose/foundation/layout/SpacerKt.Spacer (Landroidx/compose/ui/Modifier;Landroidx/compose/runtime/Composer;I)V
   L500
    LINENUMBER 534 L500
    ICONST_3
    ANEWARRAY java/lang/String
    ASTORE 88
    ALOAD 88
    ICONST_0
    GETSTATIC com/muddassir/clearview/R$string.todo_no_time : I
    ALOAD 85
    ICONST_0
    INVOKESTATIC androidx/compose/ui/res/StringResources_androidKt.stringResource (ILandroidx/compose/runtime/Composer;I)Ljava/lang/String;
    AASTORE
    ALOAD 88
    ICONST_1
   L501
    LINENUMBER 535 L501
    GETSTATIC com/muddassir/clearview/R$string.todo_at_time : I
    ALOAD 85
    ICONST_0
    INVOKESTATIC androidx/compose/ui/res/StringResources_androidKt.stringResource (ILandroidx/compose/runtime/Composer;I)Ljava/lang/String;
    AASTORE
   L502
    LINENUMBER 534 L502
    ALOAD 88
    ICONST_2
   L503
    LINENUMBER 536 L503
    GETSTATIC com/muddassir/clearview/R$string.todo_time_range : I
    ALOAD 85
    ICONST_0
    INVOKESTATIC androidx/compose/ui/res/StringResources_androidKt.stringResource (ILandroidx/compose/runtime/Composer;I)Ljava/lang/String;
    AASTORE
   L504
    LINENUMBER 534 L504
    ALOAD 88
   L505
    LINENUMBER 533 L505
    INVOKESTATIC kotlin/collections/CollectionsKt.listOf ([Ljava/lang/Object;)Ljava/util/List;
   L506
    LINENUMBER 538 L506
    ALOAD 18
    INVOKESTATIC com/muddassir/clearview/todo/ui/TodoEditorKt.TodoEditorDialog$lambda$36 (Landroidx/compose/runtime/MutableState;)Lcom/muddassir/clearview/todo/ui/TimeChoice;
    ASTORE 88
    GETSTATIC com/muddassir/clearview/todo/ui/TodoEditorKt$WhenMappings.$EnumSwitchMapping$1 : [I
    ALOAD 88
    INVOKEVIRTUAL com/muddassir/clearview/todo/ui/TimeChoice.ordinal ()I
    IALOAD
    ISTORE 89
    ILOAD 89
    TABLESWITCH
      1: L507
      2: L508
      3: L509
      default: L510
   L507
    LINENUMBER 539 L507
    ICONST_0
    GOTO L511
   L508
    LINENUMBER 540 L508
    ICONST_1
    GOTO L511
   L509
    LINENUMBER 541 L509
    ICONST_2
    GOTO L511
   L510
    LINENUMBER 538 L510
    NEW kotlin/NoWhenBranchMatchedException
    DUP
    INVOKESPECIAL kotlin/NoWhenBranchMatchedException.<init> ()V
    ATHROW
   L511
    ALOAD 85
    LDC 365617248
    LDC "CC(remember):TodoEditor.kt#9igjgp"
   L512
    LINENUMBER 543 L512
    INVOKESTATIC androidx/compose/runtime/ComposerKt.sourceInformationMarkerStart (Landroidx/compose/runtime/Composer;ILjava/lang/String;)V
    ALOAD 85
    ASTORE 89
    ICONST_0
    ISTORE 90
   L513
    ICONST_0
    ISTORE 100
   L514
    LINENUMBER 2223 L514
    ALOAD 89
    INVOKEINTERFACE androidx/compose/runtime/Composer.rememberedValue ()Ljava/lang/Object; (itf)
    ASTORE 91
   L515
    ICONST_0
    ISTORE 92
   L516
    LINENUMBER 2224 L516
    ILOAD 90
    IFNE L517
    ALOAD 91
    GETSTATIC androidx/compose/runtime/Composer.Companion : Landroidx/compose/runtime/Composer$Companion;
    INVOKEVIRTUAL androidx/compose/runtime/Composer$Companion.getEmpty ()Ljava/lang/Object;
    IF_ACMPNE L518
   L517
    LINENUMBER 2225 L517
    ISTORE 98
    ASTORE 96
    ICONST_0
    ISTORE 93
   L519
    LINENUMBER 543 L519
    ALOAD 18
    ALOAD 19
    ALOAD 20
    ALOAD 21
    ALOAD 22
    INVOKEDYNAMIC invoke(Landroidx/compose/runtime/MutableState;Landroidx/compose/runtime/MutableState;Landroidx/compose/runtime/MutableState;Landroidx/compose/runtime/MutableState;Landroidx/compose/runtime/MutableState;)Lkotlin/jvm/functions/Function1; [
      // handle kind 0x6 : INVOKESTATIC
      java/lang/invoke/LambdaMetafactory.metafactory(Ljava/lang/invoke/MethodHandles$Lookup;Ljava/lang/String;Ljava/lang/invoke/MethodType;Ljava/lang/invoke/MethodType;Ljava/lang/invoke/MethodHandle;Ljava/lang/invoke/MethodType;)Ljava/lang/invoke/CallSite;
      // arguments:
      (Ljava/lang/Object;)Ljava/lang/Object;, 
      // handle kind 0x6 : INVOKESTATIC
      com/muddassir/clearview/todo/ui/TodoEditorKt.TodoEditorDialog$lambda$151$lambda$150$lambda$149$lambda$147$lambda$105$lambda$104(Landroidx/compose/runtime/MutableState;Landroidx/compose/runtime/MutableState;Landroidx/compose/runtime/MutableState;Landroidx/compose/runtime/MutableState;Landroidx/compose/runtime/MutableState;I)Lkotlin/Unit;, 
      (Ljava/lang/Integer;)Lkotlin/Unit;
    ]
    GOTO L520
   L520
    ASTORE 101
    ALOAD 96
    ILOAD 98
    ALOAD 101
   L521
    LINENUMBER 2225 L521
    ASTORE 94
   L522
    LINENUMBER 2226 L522
    ALOAD 89
    ALOAD 94
    INVOKEINTERFACE androidx/compose/runtime/Composer.updateRememberedValue (Ljava/lang/Object;)V (itf)
   L523
    LINENUMBER 2227 L523
    ALOAD 94
   L524
    GOTO L525
   L518
    LINENUMBER 2228 L518
    ALOAD 91
   L525
    LINENUMBER 2223 L525
    NOP
   L526
    LINENUMBER 2223 L526
    GOTO L527
   L527
    LINENUMBER 543 L527
    CHECKCAST kotlin/jvm/functions/Function1
    ASTORE 88
    ALOAD 85
    INVOKESTATIC androidx/compose/runtime/ComposerKt.sourceInformationMarkerEnd (Landroidx/compose/runtime/Composer;)V
    ALOAD 88
    ALOAD 85
    SIPUSH 384
   L528
    LINENUMBER 532 L528
    INVOKESTATIC com/muddassir/clearview/todo/ui/TodoEditorKt.EditorSegments (Ljava/util/List;ILkotlin/jvm/functions/Function1;Landroidx/compose/runtime/Composer;I)V
   L529
    LINENUMBER 554 L529
    ALOAD 18
    INVOKESTATIC com/muddassir/clearview/todo/ui/TodoEditorKt.TodoEditorDialog$lambda$36 (Landroidx/compose/runtime/MutableState;)Lcom/muddassir/clearview/todo/ui/TimeChoice;
    ASTORE 88
    GETSTATIC com/muddassir/clearview/todo/ui/TodoEditorKt$WhenMappings.$EnumSwitchMapping$1 : [I
    ALOAD 88
    INVOKEVIRTUAL com/muddassir/clearview/todo/ui/TimeChoice.ordinal ()I
    IALOAD
    ISTORE 89
    ILOAD 89
    TABLESWITCH
      1: L530
      2: L531
      3: L532
      default: L533
   L530
    LINENUMBER 555 L530
    ALOAD 85
    LDC -1550190133
    INVOKEINTERFACE androidx/compose/runtime/Composer.startReplaceGroup (I)V (itf)
    ALOAD 85
    INVOKEINTERFACE androidx/compose/runtime/Composer.endReplaceGroup ()V (itf)
    GETSTATIC kotlin/Unit.INSTANCE : Lkotlin/Unit;
    GOTO L534
   L531
    LINENUMBER 556 L531
    ALOAD 85
    LDC -1550122894
    INVOKEINTERFACE androidx/compose/runtime/Composer.startReplaceGroup (I)V (itf)
    ALOAD 85
    LDC "556@26078L29,558@26193L38,561@26439L188,557@26136L521"
    INVOKESTATIC androidx/compose/runtime/ComposerKt.sourceInformation (Landroidx/compose/runtime/Composer;Ljava/lang/String;)V
   L535
    LINENUMBER 557 L535
    GETSTATIC androidx/compose/ui/Modifier.Companion : Landroidx/compose/ui/Modifier$Companion;
    CHECKCAST androidx/compose/ui/Modifier
    BIPUSH 8
    ISTORE 90
   L536
    ICONST_0
    ISTORE 100
   L537
    LINENUMBER 2229 L537
    ILOAD 90
    I2F
    INVOKESTATIC androidx/compose/ui/unit/Dp.constructor-impl (F)F
    GOTO L538
   L538
    LINENUMBER 557 L538
    INVOKESTATIC androidx/compose/foundation/layout/SizeKt.height-3ABfNKs (Landroidx/compose/ui/Modifier;F)Landroidx/compose/ui/Modifier;
    ALOAD 85
    BIPUSH 6
    INVOKESTATIC androidx/compose/foundation/layout/SpacerKt.Spacer (Landroidx/compose/ui/Modifier;Landroidx/compose/runtime/Composer;I)V
   L539
    LINENUMBER 559 L539
    GETSTATIC com/muddassir/clearview/R$string.todo_set_time : I
    ALOAD 85
    ICONST_0
    INVOKESTATIC androidx/compose/ui/res/StringResources_androidKt.stringResource (ILandroidx/compose/runtime/Composer;I)Ljava/lang/String;
   L540
    LINENUMBER 560 L540
    ALOAD 23
    INVOKESTATIC com/muddassir/clearview/todo/ui/TodoEditorKt.TodoEditorDialog$lambda$27 (Landroidx/compose/runtime/MutableState;)Ljava/lang/Integer;
    ASTORE 100
    ALOAD 100
    DUP
    IFNULL L541
    ASTORE 91
    ALOAD 91
    CHECKCAST java/lang/Number
    INVOKEVIRTUAL java/lang/Number.intValue ()I
    ISTORE 92
   L542
    LINENUMBER 1478 L542
    ASTORE 96
   L543
    ICONST_0
    ISTORE 93
   L544
    LINENUMBER 560 L544
    GETSTATIC com/muddassir/clearview/todo/data/TodoCodec.INSTANCE : Lcom/muddassir/clearview/todo/data/TodoCodec;
    ILOAD 92
    INVOKEVIRTUAL com/muddassir/clearview/todo/data/TodoCodec.timeLabel (I)Ljava/lang/String;
    GOTO L545
   L545
    ASTORE 98
    ALOAD 96
    ALOAD 98
   L546
    LINENUMBER 560 L546
    GOTO L547
   L547
    CHECKCAST java/lang/String
    GOTO L548
   L541
    POP
    LINENUMBER 560 L541
    ACONST_NULL
   L548
    ASTORE 90
    ALOAD 90
    IFNONNULL L549
   L550
    LINENUMBER 561 L550
    ALOAD 85
    LDC 365647323
    INVOKEINTERFACE androidx/compose/runtime/Composer.startReplaceGroup (I)V (itf)
    ALOAD 85
    LDC "560@26357L38"
    INVOKESTATIC androidx/compose/runtime/ComposerKt.sourceInformation (Landroidx/compose/runtime/Composer;Ljava/lang/String;)V
    GETSTATIC com/muddassir/clearview/R$string.todo_set_time : I
    ALOAD 85
    ICONST_0
    INVOKESTATIC androidx/compose/ui/res/StringResources_androidKt.stringResource (ILandroidx/compose/runtime/Composer;I)Ljava/lang/String;
    ASTORE 100
    ALOAD 85
    INVOKEINTERFACE androidx/compose/runtime/Composer.endReplaceGroup ()V (itf)
    ALOAD 100
    GOTO L551
   L549
    LINENUMBER 560 L549
    ALOAD 85
    LDC 365644719
    INVOKEINTERFACE androidx/compose/runtime/Composer.startReplaceGroup (I)V (itf)
    ALOAD 85
    INVOKEINTERFACE androidx/compose/runtime/Composer.endReplaceGroup ()V (itf)
    ALOAD 90
   L551
    ALOAD 85
    LDC 365650097
    LDC "CC(remember):TodoEditor.kt#9igjgp"
   L552
    LINENUMBER 562 L552
    INVOKESTATIC androidx/compose/runtime/ComposerKt.sourceInformationMarkerStart (Landroidx/compose/runtime/Composer;ILjava/lang/String;)V
    ALOAD 85
    ASTORE 100
    ICONST_0
    ISTORE 91
   L553
    ICONST_0
    ISTORE 92
   L554
    LINENUMBER 2230 L554
    ALOAD 100
    INVOKEINTERFACE androidx/compose/runtime/Composer.rememberedValue ()Ljava/lang/Object; (itf)
    ASTORE 93
   L555
    ICONST_0
    ISTORE 94
   L556
    LINENUMBER 2231 L556
    ILOAD 91
    IFNE L557
    ALOAD 93
    GETSTATIC androidx/compose/runtime/Composer.Companion : Landroidx/compose/runtime/Composer$Companion;
    INVOKEVIRTUAL androidx/compose/runtime/Composer$Companion.getEmpty ()Ljava/lang/Object;
    IF_ACMPNE L558
   L557
    LINENUMBER 2232 L557
    ASTORE 98
    ASTORE 96
    ICONST_0
    ISTORE 95
   L559
    LINENUMBER 562 L559
    ALOAD 23
    ALOAD 24
    INVOKEDYNAMIC invoke(Landroidx/compose/runtime/MutableState;Landroidx/compose/runtime/MutableState;)Lkotlin/jvm/functions/Function0; [
      // handle kind 0x6 : INVOKESTATIC
      java/lang/invoke/LambdaMetafactory.metafactory(Ljava/lang/invoke/MethodHandles$Lookup;Ljava/lang/String;Ljava/lang/invoke/MethodType;Ljava/lang/invoke/MethodType;Ljava/lang/invoke/MethodHandle;Ljava/lang/invoke/MethodType;)Ljava/lang/invoke/CallSite;
      // arguments:
      ()Ljava/lang/Object;, 
      // handle kind 0x6 : INVOKESTATIC
      com/muddassir/clearview/todo/ui/TodoEditorKt.TodoEditorDialog$lambda$151$lambda$150$lambda$149$lambda$147$lambda$108$lambda$107(Landroidx/compose/runtime/MutableState;Landroidx/compose/runtime/MutableState;)Lkotlin/Unit;, 
      ()Lkotlin/Unit;
    ]
    GOTO L560
   L560
    ASTORE 101
    ALOAD 96
    ALOAD 98
    ALOAD 101
   L561
    LINENUMBER 2232 L561
    ASTORE 97
   L562
    LINENUMBER 2233 L562
    ALOAD 100
    ALOAD 97
    INVOKEINTERFACE androidx/compose/runtime/Composer.updateRememberedValue (Ljava/lang/Object;)V (itf)
   L563
    LINENUMBER 2234 L563
    ALOAD 97
   L564
    GOTO L565
   L558
    LINENUMBER 2235 L558
    ALOAD 93
   L565
    LINENUMBER 2230 L565
    NOP
   L566
    LINENUMBER 2230 L566
    GOTO L567
   L567
    LINENUMBER 562 L567
    CHECKCAST kotlin/jvm/functions/Function0
    ASTORE 90
    ALOAD 85
    INVOKESTATIC androidx/compose/runtime/ComposerKt.sourceInformationMarkerEnd (Landroidx/compose/runtime/Composer;)V
    ALOAD 90
    ACONST_NULL
    ALOAD 85
    SIPUSH 384
    BIPUSH 8
   L568
    LINENUMBER 558 L568
    INVOKESTATIC com/muddassir/clearview/todo/ui/TodoEditorKt.EditorChoiceRow (Ljava/lang/String;Ljava/lang/String;Lkotlin/jvm/functions/Function0;Ljava/lang/String;Landroidx/compose/runtime/Composer;II)V
   L569
    LINENUMBER 556 L569
    ALOAD 85
    INVOKEINTERFACE androidx/compose/runtime/Composer.endReplaceGroup ()V (itf)
    GETSTATIC kotlin/Unit.INSTANCE : Lkotlin/Unit;
    GOTO L534
   L532
    LINENUMBER 568 L532
    ALOAD 85
    LDC -1549244168
    INVOKEINTERFACE androidx/compose/runtime/Composer.startReplaceGroup (I)V (itf)
    ALOAD 85
    LDC "568@26758L29,570@26873L43,572@27039L38,569@26816L291,575@27193L41,577@27355L36,574@27136L285,579@27450L29,586@27895L36,581@27591L1539,607@29159L29,610@29376L2492,652@31897L29"
    INVOKESTATIC androidx/compose/runtime/ComposerKt.sourceInformation (Landroidx/compose/runtime/Composer;Ljava/lang/String;)V
   L570
    LINENUMBER 569 L570
    GETSTATIC androidx/compose/ui/Modifier.Companion : Landroidx/compose/ui/Modifier$Companion;
    CHECKCAST androidx/compose/ui/Modifier
    BIPUSH 8
    ISTORE 90
   L571
    ICONST_0
    ISTORE 100
   L572
    LINENUMBER 2236 L572
    ILOAD 90
    I2F
    INVOKESTATIC androidx/compose/ui/unit/Dp.constructor-impl (F)F
    GOTO L573
   L573
    LINENUMBER 569 L573
    INVOKESTATIC androidx/compose/foundation/layout/SizeKt.height-3ABfNKs (Landroidx/compose/ui/Modifier;F)Landroidx/compose/ui/Modifier;
    ALOAD 85
    BIPUSH 6
    INVOKESTATIC androidx/compose/foundation/layout/SpacerKt.Spacer (Landroidx/compose/ui/Modifier;Landroidx/compose/runtime/Composer;I)V
   L574
    LINENUMBER 571 L574
    GETSTATIC com/muddassir/clearview/R$string.todo_time_from : I
    ICONST_1
    ANEWARRAY java/lang/Object
    ASTORE 90
    ALOAD 90
    ICONST_0
    LDC ""
    AASTORE
    ALOAD 90
    ALOAD 85
    ICONST_0
    INVOKESTATIC androidx/compose/ui/res/StringResources_androidKt.stringResource (I[Ljava/lang/Object;Landroidx/compose/runtime/Composer;I)Ljava/lang/String;
   L575
    LINENUMBER 572 L575
    GETSTATIC com/muddassir/clearview/todo/data/TodoCodec.INSTANCE : Lcom/muddassir/clearview/todo/data/TodoCodec;
    ALOAD 20
    INVOKESTATIC com/muddassir/clearview/todo/ui/TodoEditorKt.TodoEditorDialog$lambda$30 (Landroidx/compose/runtime/MutableState;)I
    INVOKEVIRTUAL com/muddassir/clearview/todo/data/TodoCodec.timeLabel (I)Ljava/lang/String;
    ALOAD 85
    LDC 365669147
    LDC "CC(remember):TodoEditor.kt#9igjgp"
   L576
    LINENUMBER 573 L576
    INVOKESTATIC androidx/compose/runtime/ComposerKt.sourceInformationMarkerStart (Landroidx/compose/runtime/Composer;ILjava/lang/String;)V
    ALOAD 85
    ASTORE 100
    ICONST_0
    ISTORE 91
   L577
    ICONST_0
    ISTORE 92
   L578
    LINENUMBER 2237 L578
    ALOAD 100
    INVOKEINTERFACE androidx/compose/runtime/Composer.rememberedValue ()Ljava/lang/Object; (itf)
    ASTORE 93
   L579
    ICONST_0
    ISTORE 94
   L580
    LINENUMBER 2238 L580
    ILOAD 91
    IFNE L581
    ALOAD 93
    GETSTATIC androidx/compose/runtime/Composer.Companion : Landroidx/compose/runtime/Composer$Companion;
    INVOKEVIRTUAL androidx/compose/runtime/Composer$Companion.getEmpty ()Ljava/lang/Object;
    IF_ACMPNE L582
   L581
    LINENUMBER 2239 L581
    ASTORE 98
    ASTORE 96
    ICONST_0
    ISTORE 95
   L583
    LINENUMBER 573 L583
    ALOAD 24
    INVOKEDYNAMIC invoke(Landroidx/compose/runtime/MutableState;)Lkotlin/jvm/functions/Function0; [
      // handle kind 0x6 : INVOKESTATIC
      java/lang/invoke/LambdaMetafactory.metafactory(Ljava/lang/invoke/MethodHandles$Lookup;Ljava/lang/String;Ljava/lang/invoke/MethodType;Ljava/lang/invoke/MethodType;Ljava/lang/invoke/MethodHandle;Ljava/lang/invoke/MethodType;)Ljava/lang/invoke/CallSite;
      // arguments:
      ()Ljava/lang/Object;, 
      // handle kind 0x6 : INVOKESTATIC
      com/muddassir/clearview/todo/ui/TodoEditorKt.TodoEditorDialog$lambda$151$lambda$150$lambda$149$lambda$147$lambda$110$lambda$109(Landroidx/compose/runtime/MutableState;)Lkotlin/Unit;, 
      ()Lkotlin/Unit;
    ]
    GOTO L584
   L584
    ASTORE 101
    ALOAD 96
    ALOAD 98
    ALOAD 101
   L585
    LINENUMBER 2239 L585
    ASTORE 97
   L586
    LINENUMBER 2240 L586
    ALOAD 100
    ALOAD 97
    INVOKEINTERFACE androidx/compose/runtime/Composer.updateRememberedValue (Ljava/lang/Object;)V (itf)
   L587
    LINENUMBER 2241 L587
    ALOAD 97
   L588
    GOTO L589
   L582
    LINENUMBER 2242 L582
    ALOAD 93
   L589
    LINENUMBER 2237 L589
    NOP
   L590
    LINENUMBER 2237 L590
    GOTO L591
   L591
    LINENUMBER 573 L591
    CHECKCAST kotlin/jvm/functions/Function0
    ASTORE 90
    ALOAD 85
    INVOKESTATIC androidx/compose/runtime/ComposerKt.sourceInformationMarkerEnd (Landroidx/compose/runtime/Composer;)V
    ALOAD 90
    ACONST_NULL
    ALOAD 85
    SIPUSH 384
    BIPUSH 8
   L592
    LINENUMBER 570 L592
    INVOKESTATIC com/muddassir/clearview/todo/ui/TodoEditorKt.EditorChoiceRow (Ljava/lang/String;Ljava/lang/String;Lkotlin/jvm/functions/Function0;Ljava/lang/String;Landroidx/compose/runtime/Composer;II)V
   L593
    LINENUMBER 576 L593
    GETSTATIC com/muddassir/clearview/R$string.todo_time_to : I
    ICONST_1
    ANEWARRAY java/lang/Object
    ASTORE 90
    ALOAD 90
    ICONST_0
    LDC ""
    AASTORE
    ALOAD 90
    ALOAD 85
    ICONST_0
    INVOKESTATIC androidx/compose/ui/res/StringResources_androidKt.stringResource (I[Ljava/lang/Object;Landroidx/compose/runtime/Composer;I)Ljava/lang/String;
   L594
    LINENUMBER 577 L594
    GETSTATIC com/muddassir/clearview/todo/data/TodoCodec.INSTANCE : Lcom/muddassir/clearview/todo/data/TodoCodec;
    ALOAD 21
    INVOKESTATIC com/muddassir/clearview/todo/ui/TodoEditorKt.TodoEditorDialog$lambda$33 (Landroidx/compose/runtime/MutableState;)I
    INVOKEVIRTUAL com/muddassir/clearview/todo/data/TodoCodec.timeLabel (I)Ljava/lang/String;
    ALOAD 85
    LDC 365679257
    LDC "CC(remember):TodoEditor.kt#9igjgp"
   L595
    LINENUMBER 578 L595
    INVOKESTATIC androidx/compose/runtime/ComposerKt.sourceInformationMarkerStart (Landroidx/compose/runtime/Composer;ILjava/lang/String;)V
    ALOAD 85
    ASTORE 100
    ICONST_0
    ISTORE 91
   L596
    ICONST_0
    ISTORE 92
   L597
    LINENUMBER 2243 L597
    ALOAD 100
    INVOKEINTERFACE androidx/compose/runtime/Composer.rememberedValue ()Ljava/lang/Object; (itf)
    ASTORE 93
   L598
    ICONST_0
    ISTORE 94
   L599
    LINENUMBER 2244 L599
    ILOAD 91
    IFNE L600
    ALOAD 93
    GETSTATIC androidx/compose/runtime/Composer.Companion : Landroidx/compose/runtime/Composer$Companion;
    INVOKEVIRTUAL androidx/compose/runtime/Composer$Companion.getEmpty ()Ljava/lang/Object;
    IF_ACMPNE L601
   L600
    LINENUMBER 2245 L600
    ASTORE 98
    ASTORE 96
    ICONST_0
    ISTORE 95
   L602
    LINENUMBER 578 L602
    ALOAD 24
    INVOKEDYNAMIC invoke(Landroidx/compose/runtime/MutableState;)Lkotlin/jvm/functions/Function0; [
      // handle kind 0x6 : INVOKESTATIC
      java/lang/invoke/LambdaMetafactory.metafactory(Ljava/lang/invoke/MethodHandles$Lookup;Ljava/lang/String;Ljava/lang/invoke/MethodType;Ljava/lang/invoke/MethodType;Ljava/lang/invoke/MethodHandle;Ljava/lang/invoke/MethodType;)Ljava/lang/invoke/CallSite;
      // arguments:
      ()Ljava/lang/Object;, 
      // handle kind 0x6 : INVOKESTATIC
      com/muddassir/clearview/todo/ui/TodoEditorKt.TodoEditorDialog$lambda$151$lambda$150$lambda$149$lambda$147$lambda$112$lambda$111(Landroidx/compose/runtime/MutableState;)Lkotlin/Unit;, 
      ()Lkotlin/Unit;
    ]
    GOTO L603
   L603
    ASTORE 101
    ALOAD 96
    ALOAD 98
    ALOAD 101
   L604
    LINENUMBER 2245 L604
    ASTORE 97
   L605
    LINENUMBER 2246 L605
    ALOAD 100
    ALOAD 97
    INVOKEINTERFACE androidx/compose/runtime/Composer.updateRememberedValue (Ljava/lang/Object;)V (itf)
   L606
    LINENUMBER 2247 L606
    ALOAD 97
   L607
    GOTO L608
   L601
    LINENUMBER 2248 L601
    ALOAD 93
   L608
    LINENUMBER 2243 L608
    NOP
   L609
    LINENUMBER 2243 L609
    GOTO L610
   L610
    LINENUMBER 578 L610
    CHECKCAST kotlin/jvm/functions/Function0
    ASTORE 90
    ALOAD 85
    INVOKESTATIC androidx/compose/runtime/ComposerKt.sourceInformationMarkerEnd (Landroidx/compose/runtime/Composer;)V
    ALOAD 90
    ACONST_NULL
    ALOAD 85
    SIPUSH 384
    BIPUSH 8
   L611
    LINENUMBER 575 L611
    INVOKESTATIC com/muddassir/clearview/todo/ui/TodoEditorKt.EditorChoiceRow (Ljava/lang/String;Ljava/lang/String;Lkotlin/jvm/functions/Function0;Ljava/lang/String;Landroidx/compose/runtime/Composer;II)V
   L612
    LINENUMBER 580 L612
    GETSTATIC androidx/compose/ui/Modifier.Companion : Landroidx/compose/ui/Modifier$Companion;
    CHECKCAST androidx/compose/ui/Modifier
    ICONST_4
    ISTORE 90
   L613
    ICONST_0
    ISTORE 100
   L614
    LINENUMBER 2249 L614
    ILOAD 90
    I2F
    INVOKESTATIC androidx/compose/ui/unit/Dp.constructor-impl (F)F
    GOTO L615
   L615
    LINENUMBER 580 L615
    INVOKESTATIC androidx/compose/foundation/layout/SizeKt.height-3ABfNKs (Landroidx/compose/ui/Modifier;F)Landroidx/compose/ui/Modifier;
    ALOAD 85
    BIPUSH 6
    INVOKESTATIC androidx/compose/foundation/layout/SpacerKt.Spacer (Landroidx/compose/ui/Modifier;Landroidx/compose/runtime/Composer;I)V
   L616
    LINENUMBER 583 L616
    GETSTATIC androidx/compose/ui/Alignment.Companion : Landroidx/compose/ui/Alignment$Companion;
    INVOKEVIRTUAL androidx/compose/ui/Alignment$Companion.getCenterVertically ()Landroidx/compose/ui/Alignment$Vertical;
    ASTORE 90
   L617
    LINENUMBER 584 L617
    GETSTATIC androidx/compose/ui/Modifier.Companion : Landroidx/compose/ui/Modifier$Companion;
    CHECKCAST androidx/compose/ui/Modifier
   L618
    LINENUMBER 585 L618
    FCONST_0
    ICONST_1
    ACONST_NULL
    INVOKESTATIC androidx/compose/foundation/layout/SizeKt.fillMaxWidth$default (Landroidx/compose/ui/Modifier;FILjava/lang/Object;)Landroidx/compose/ui/Modifier;
   L619
    LINENUMBER 586 L619
    BIPUSH 8
    ISTORE 91
   L620
    ICONST_0
    ISTORE 92
   L621
    LINENUMBER 2250 L621
    ILOAD 91
    I2F
    INVOKESTATIC androidx/compose/ui/unit/Dp.constructor-impl (F)F
    GOTO L622
   L622
    LINENUMBER 586 L622
    INVOKESTATIC androidx/compose/foundation/shape/RoundedCornerShapeKt.RoundedCornerShape-0680j_4 (F)Landroidx/compose/foundation/shape/RoundedCornerShape;
    CHECKCAST androidx/compose/ui/graphics/Shape
    INVOKESTATIC androidx/compose/ui/draw/ClipKt.clip (Landroidx/compose/ui/Modifier;Landroidx/compose/ui/graphics/Shape;)Landroidx/compose/ui/Modifier;
   L623
    LINENUMBER 587 L623
    ICONST_0
    ACONST_NULL
    ACONST_NULL
    ACONST_NULL
    ALOAD 85
    LDC 365696537
    LDC "CC(remember):TodoEditor.kt#9igjgp"
    INVOKESTATIC androidx/compose/runtime/ComposerKt.sourceInformationMarkerStart (Landroidx/compose/runtime/Composer;ILjava/lang/String;)V
    ALOAD 85
    ASTORE 92
    ICONST_0
    ISTORE 93
   L624
    ICONST_0
    ISTORE 94
   L625
    LINENUMBER 2251 L625
    ALOAD 92
    INVOKEINTERFACE androidx/compose/runtime/Composer.rememberedValue ()Ljava/lang/Object; (itf)
    ASTORE 95
   L626
    ICONST_0
    ISTORE 97
   L627
    LINENUMBER 2252 L627
    ILOAD 93
    IFNE L628
    ALOAD 95
    GETSTATIC androidx/compose/runtime/Composer.Companion : Landroidx/compose/runtime/Composer$Companion;
    INVOKEVIRTUAL androidx/compose/runtime/Composer$Companion.getEmpty ()Ljava/lang/Object;
    IF_ACMPNE L629
   L628
    LINENUMBER 2253 L628
    ASTORE 128
    ASTORE 129
    ASTORE 101
    ISTORE 98
    ASTORE 96
    ICONST_0
    ISTORE 99
   L630
    LINENUMBER 587 L630
    ALOAD 25
    INVOKEDYNAMIC invoke(Landroidx/compose/runtime/MutableState;)Lkotlin/jvm/functions/Function0; [
      // handle kind 0x6 : INVOKESTATIC
      java/lang/invoke/LambdaMetafactory.metafactory(Ljava/lang/invoke/MethodHandles$Lookup;Ljava/lang/String;Ljava/lang/invoke/MethodType;Ljava/lang/invoke/MethodType;Ljava/lang/invoke/MethodHandle;Ljava/lang/invoke/MethodType;)Ljava/lang/invoke/CallSite;
      // arguments:
      ()Ljava/lang/Object;, 
      // handle kind 0x6 : INVOKESTATIC
      com/muddassir/clearview/todo/ui/TodoEditorKt.TodoEditorDialog$lambda$151$lambda$150$lambda$149$lambda$147$lambda$114$lambda$113(Landroidx/compose/runtime/MutableState;)Lkotlin/Unit;, 
      ()Lkotlin/Unit;
    ]
    GOTO L631
   L631
    ASTORE 127
    ALOAD 96
    ILOAD 98
    ALOAD 101
    ALOAD 129
    ALOAD 128
    ALOAD 127
   L632
    LINENUMBER 2253 L632
    ASTORE 102
   L633
    LINENUMBER 2254 L633
    ALOAD 92
    ALOAD 102
    INVOKEINTERFACE androidx/compose/runtime/Composer.updateRememberedValue (Ljava/lang/Object;)V (itf)
   L634
    LINENUMBER 2255 L634
    ALOAD 102
   L635
    GOTO L636
   L629
    LINENUMBER 2256 L629
    ALOAD 95
   L636
    LINENUMBER 2251 L636
    NOP
   L637
    LINENUMBER 2251 L637
    GOTO L638
   L638
    LINENUMBER 587 L638
    CHECKCAST kotlin/jvm/functions/Function0
    ASTORE 91
    ALOAD 85
    INVOKESTATIC androidx/compose/runtime/ComposerKt.sourceInformationMarkerEnd (Landroidx/compose/runtime/Composer;)V
    ALOAD 91
    BIPUSH 15
    ACONST_NULL
    INVOKESTATIC androidx/compose/foundation/ClickableKt.clickable-oSLSa3U$default (Landroidx/compose/ui/Modifier;ZLjava/lang/String;Landroidx/compose/ui/semantics/Role;Landroidx/compose/foundation/interaction/MutableInteractionSource;Lkotlin/jvm/functions/Function0;ILjava/lang/Object;)Landroidx/compose/ui/Modifier;
   L639
    LINENUMBER 588 L639
    FCONST_0
    ICONST_2
    ISTORE 91
   L640
    ICONST_0
    ISTORE 92
   L641
    LINENUMBER 2257 L641
    ILOAD 91
    I2F
    INVOKESTATIC androidx/compose/ui/unit/Dp.constructor-impl (F)F
    GOTO L642
   L642
    LINENUMBER 588 L642
    ICONST_1
    ACONST_NULL
    INVOKESTATIC androidx/compose/foundation/layout/PaddingKt.padding-VpY3zN4$default (Landroidx/compose/ui/Modifier;FFILjava/lang/Object;)Landroidx/compose/ui/Modifier;
    ASTORE 100
    ALOAD 100
    ASTORE 91
   L643
    LINENUMBER 583 L643
    ALOAD 90
    ASTORE 93
    ALOAD 85
    ASTORE 94
    SIPUSH 384
    ISTORE 95
   L644
    LINENUMBER 582 L644
    NOP
   L645
    ICONST_0
    ISTORE 97
   L646
    ALOAD 94
    LDC 844473419
    LDC "CC(Row)N(modifier,horizontalArrangement,verticalAlignment,content)99@5125L58,100@5188L131:Row.kt#2w3rfo"
   L647
    LINENUMBER 2258 L647
    INVOKESTATIC androidx/compose/runtime/ComposerKt.sourceInformationMarkerStart (Landroidx/compose/runtime/Composer;ILjava/lang/String;)V
   L648
    LINENUMBER 2259 L648
    GETSTATIC androidx/compose/foundation/layout/Arrangement.INSTANCE : Landroidx/compose/foundation/layout/Arrangement;
    INVOKEVIRTUAL androidx/compose/foundation/layout/Arrangement.getStart ()Landroidx/compose/foundation/layout/Arrangement$Horizontal;
    ASTORE 92
   L649
    LINENUMBER 2263 L649
    ALOAD 92
    ALOAD 93
    ALOAD 94
    BIPUSH 14
    ILOAD 95
    ICONST_3
    ISHR
    IAND
    BIPUSH 112
    ILOAD 95
    ICONST_3
    ISHR
    IAND
    IOR
    INVOKESTATIC androidx/compose/foundation/layout/RowKt.rowMeasurePolicy (Landroidx/compose/foundation/layout/Arrangement$Horizontal;Landroidx/compose/ui/Alignment$Vertical;Landroidx/compose/runtime/Composer;I)Landroidx/compose/ui/layout/MeasurePolicy;
    ASTORE 99
   L650
    LINENUMBER 2267 L650
    ALOAD 91
    ASTORE 102
   L651
    LINENUMBER 2266 L651
    ALOAD 99
    ASTORE 103
    ALOAD 94
    ASTORE 104
    BIPUSH 112
    ILOAD 95
    ICONST_3
    ISHL
    IAND
    ISTORE 105
   L652
    LINENUMBER 2264 L652
    NOP
   L653
    ICONST_0
    ISTORE 106
   L654
    ALOAD 104
    LDC -1159599143
    LDC "CC(Layout)P(!1,2)81@3355L27,84@3521L416:Layout.kt#80mrfh"
   L655
    LINENUMBER 2268 L655
    INVOKESTATIC androidx/compose/runtime/ComposerKt.sourceInformationMarkerStart (Landroidx/compose/runtime/Composer;ILjava/lang/String;)V
   L656
    LINENUMBER 2269 L656
    ALOAD 104
    ICONST_0
    INVOKESTATIC androidx/compose/runtime/ComposablesKt.getCurrentCompositeKeyHashCode (Landroidx/compose/runtime/Composer;I)J
    INVOKESTATIC java/lang/Long.hashCode (J)I
    ISTORE 107
   L657
    ALOAD 104
   L658
    LINENUMBER 2270 L658
    INVOKEINTERFACE androidx/compose/runtime/Composer.getCurrentCompositionLocalMap ()Landroidx/compose/runtime/CompositionLocalMap; (itf)
    ASTORE 108
   L659
    ALOAD 104
   L660
    LINENUMBER 2271 L660
    ALOAD 102
    INVOKESTATIC androidx/compose/ui/ComposedModifierKt.materializeModifier (Landroidx/compose/runtime/Composer;Landroidx/compose/ui/Modifier;)Landroidx/compose/ui/Modifier;
    ASTORE 109
   L661
    LINENUMBER 2273 L661
    GETSTATIC androidx/compose/ui/node/ComposeUiNode.Companion : Landroidx/compose/ui/node/ComposeUiNode$Companion;
    INVOKEVIRTUAL androidx/compose/ui/node/ComposeUiNode$Companion.getConstructor ()Lkotlin/jvm/functions/Function0;
    ASTORE 110
    ALOAD 104
    ASTORE 111
    BIPUSH 6
    SIPUSH 896
    ILOAD 105
    BIPUSH 6
    ISHL
    IAND
    IOR
    ISTORE 112
   L662
    LINENUMBER 2272 L662
    NOP
   L663
    ICONST_0
    ISTORE 113
   L664
    ALOAD 111
    LDC -553112988
    LDC "CC(ReusableComposeNode)N(factory,update,content)399@15590L9:Composables.kt#9igjgp"
   L665
    LINENUMBER 2274 L665
    INVOKESTATIC androidx/compose/runtime/ComposerKt.sourceInformationMarkerStart (Landroidx/compose/runtime/Composer;ILjava/lang/String;)V
   L666
    LINENUMBER 2275 L666
    ALOAD 111
    INVOKEINTERFACE androidx/compose/runtime/Composer.getApplier ()Landroidx/compose/runtime/Applier; (itf)
    INSTANCEOF androidx/compose/runtime/Applier
    IFNE L667
    INVOKESTATIC androidx/compose/runtime/ComposablesKt.invalidApplier ()V
   L667
    ALOAD 111
   L668
    LINENUMBER 2276 L668
    INVOKEINTERFACE androidx/compose/runtime/Composer.startReusableNode ()V (itf)
   L669
    LINENUMBER 2277 L669
    ALOAD 111
    INVOKEINTERFACE androidx/compose/runtime/Composer.getInserting ()Z (itf)
    IFEQ L670
    ALOAD 111
   L671
    LINENUMBER 2278 L671
    ALOAD 110
    INVOKEINTERFACE androidx/compose/runtime/Composer.createNode (Lkotlin/jvm/functions/Function0;)V (itf)
    GOTO L672
   L670
    ALOAD 111
   L673
    LINENUMBER 2280 L673
    INVOKEINTERFACE androidx/compose/runtime/Composer.useNode ()V (itf)
   L672
    LINENUMBER 2282 L672
    ALOAD 111
    INVOKESTATIC androidx/compose/runtime/Updater.constructor-impl (Landroidx/compose/runtime/Composer;)Landroidx/compose/runtime/Composer;
    ASTORE 114
   L674
    ICONST_0
    ISTORE 115
   L675
    LINENUMBER 2283 L675
    ALOAD 114
    ALOAD 103
    GETSTATIC androidx/compose/ui/node/ComposeUiNode.Companion : Landroidx/compose/ui/node/ComposeUiNode$Companion;
    INVOKEVIRTUAL androidx/compose/ui/node/ComposeUiNode$Companion.getSetMeasurePolicy ()Lkotlin/jvm/functions/Function2;
    INVOKESTATIC androidx/compose/runtime/Updater.set-impl (Landroidx/compose/runtime/Composer;Ljava/lang/Object;Lkotlin/jvm/functions/Function2;)V
   L676
    LINENUMBER 2284 L676
    ALOAD 114
    ALOAD 108
    GETSTATIC androidx/compose/ui/node/ComposeUiNode.Companion : Landroidx/compose/ui/node/ComposeUiNode$Companion;
    INVOKEVIRTUAL androidx/compose/ui/node/ComposeUiNode$Companion.getSetResolvedCompositionLocals ()Lkotlin/jvm/functions/Function2;
    INVOKESTATIC androidx/compose/runtime/Updater.set-impl (Landroidx/compose/runtime/Composer;Ljava/lang/Object;Lkotlin/jvm/functions/Function2;)V
   L677
    LINENUMBER 2285 L677
    ALOAD 114
    ILOAD 107
    INVOKESTATIC java/lang/Integer.valueOf (I)Ljava/lang/Integer;
    GETSTATIC androidx/compose/ui/node/ComposeUiNode.Companion : Landroidx/compose/ui/node/ComposeUiNode$Companion;
    INVOKEVIRTUAL androidx/compose/ui/node/ComposeUiNode$Companion.getSetCompositeKeyHash ()Lkotlin/jvm/functions/Function2;
    INVOKESTATIC androidx/compose/runtime/Updater.init-impl (Landroidx/compose/runtime/Composer;Ljava/lang/Object;Lkotlin/jvm/functions/Function2;)V
   L678
    LINENUMBER 2286 L678
    ALOAD 114
    GETSTATIC androidx/compose/ui/node/ComposeUiNode.Companion : Landroidx/compose/ui/node/ComposeUiNode$Companion;
    INVOKEVIRTUAL androidx/compose/ui/node/ComposeUiNode$Companion.getApplyOnDeactivatedNodeAssertion ()Lkotlin/jvm/functions/Function1;
    INVOKESTATIC androidx/compose/runtime/Updater.reconcile-impl (Landroidx/compose/runtime/Composer;Lkotlin/jvm/functions/Function1;)V
   L679
    LINENUMBER 2287 L679
    ALOAD 114
    ALOAD 109
    GETSTATIC androidx/compose/ui/node/ComposeUiNode.Companion : Landroidx/compose/ui/node/ComposeUiNode$Companion;
    INVOKEVIRTUAL androidx/compose/ui/node/ComposeUiNode$Companion.getSetModifier ()Lkotlin/jvm/functions/Function2;
    INVOKESTATIC androidx/compose/runtime/Updater.set-impl (Landroidx/compose/runtime/Composer;Ljava/lang/Object;Lkotlin/jvm/functions/Function2;)V
   L680
    LINENUMBER 2288 L680
    NOP
   L681
    LINENUMBER 2282 L681
    NOP
   L682
    LINENUMBER 2289 L682
    ALOAD 111
    BIPUSH 14
    ILOAD 112
    BIPUSH 6
    ISHR
    IAND
    ISTORE 116
    ASTORE 117
   L683
    ICONST_0
    ISTORE 118
   L684
    ALOAD 117
    LDC 1456264949
    LDC "C101@5233L9:Row.kt#2w3rfo"
   L685
    LINENUMBER 2265 L685
    INVOKESTATIC androidx/compose/runtime/ComposerKt.sourceInformationMarkerStart (Landroidx/compose/runtime/Composer;ILjava/lang/String;)V
    GETSTATIC androidx/compose/foundation/layout/RowScopeInstance.INSTANCE : Landroidx/compose/foundation/layout/RowScopeInstance;
    ALOAD 117
    BIPUSH 6
    BIPUSH 112
    ILOAD 95
    BIPUSH 6
    ISHR
    IAND
    IOR
    INVOKESTATIC java/lang/Integer.valueOf (I)Ljava/lang/Integer;
    CHECKCAST java/lang/Number
    INVOKEVIRTUAL java/lang/Number.intValue ()I
    ISTORE 119
    CHECKCAST androidx/compose/runtime/Composer
    ASTORE 120
    CHECKCAST androidx/compose/foundation/layout/RowScope
    ASTORE 121
   L686
    ICONST_0
    ISTORE 122
   L687
    ALOAD 120
    LDC 55640160
    LDC "C591@28184L23,589@28058L183,593@28274L826:TodoEditor.kt#sr0y55"
   L688
    LINENUMBER 590 L688
    INVOKESTATIC androidx/compose/runtime/ComposerKt.sourceInformationMarkerStart (Landroidx/compose/runtime/Composer;ILjava/lang/String;)V
   L689
    LINENUMBER 591 L689
    ALOAD 25
    INVOKESTATIC com/muddassir/clearview/todo/ui/TodoEditorKt.TodoEditorDialog$lambda$63 (Landroidx/compose/runtime/MutableState;)Z
    ALOAD 120
    LDC -829486136
    LDC "CC(remember):TodoEditor.kt#9igjgp"
   L690
    LINENUMBER 592 L690
    INVOKESTATIC androidx/compose/runtime/ComposerKt.sourceInformationMarkerStart (Landroidx/compose/runtime/Composer;ILjava/lang/String;)V
    ALOAD 120
    ASTORE 123
    ICONST_0
    ISTORE 124
   L691
    ICONST_0
    ISTORE 125
   L692
    LINENUMBER 2290 L692
    ALOAD 123
    INVOKEINTERFACE androidx/compose/runtime/Composer.rememberedValue ()Ljava/lang/Object; (itf)
    ASTORE 126
   L693
    ICONST_0
    ISTORE 133
   L694
    LINENUMBER 2291 L694
    ILOAD 124
    IFNE L695
    ALOAD 126
    GETSTATIC androidx/compose/runtime/Composer.Companion : Landroidx/compose/runtime/Composer$Companion;
    INVOKEVIRTUAL androidx/compose/runtime/Composer$Companion.getEmpty ()Ljava/lang/Object;
    IF_ACMPNE L696
   L695
    LINENUMBER 2292 L695
    ISTORE 134
    ICONST_0
    ISTORE 135
   L697
    LINENUMBER 592 L697
    ALOAD 25
    INVOKEDYNAMIC invoke(Landroidx/compose/runtime/MutableState;)Lkotlin/jvm/functions/Function1; [
      // handle kind 0x6 : INVOKESTATIC
      java/lang/invoke/LambdaMetafactory.metafactory(Ljava/lang/invoke/MethodHandles$Lookup;Ljava/lang/String;Ljava/lang/invoke/MethodType;Ljava/lang/invoke/MethodType;Ljava/lang/invoke/MethodHandle;Ljava/lang/invoke/MethodType;)Ljava/lang/invoke/CallSite;
      // arguments:
      (Ljava/lang/Object;)Ljava/lang/Object;, 
      // handle kind 0x6 : INVOKESTATIC
      com/muddassir/clearview/todo/ui/TodoEditorKt.TodoEditorDialog$lambda$151$lambda$150$lambda$149$lambda$147$lambda$118$lambda$116$lambda$115(Landroidx/compose/runtime/MutableState;Z)Lkotlin/Unit;, 
      (Ljava/lang/Boolean;)Lkotlin/Unit;
    ]
    GOTO L698
   L698
    ASTORE 136
    ILOAD 134
    ALOAD 136
   L699
    LINENUMBER 2292 L699
    ASTORE 137
   L700
    LINENUMBER 2293 L700
    ALOAD 123
    ALOAD 137
    INVOKEINTERFACE androidx/compose/runtime/Composer.updateRememberedValue (Ljava/lang/Object;)V (itf)
   L701
    LINENUMBER 2294 L701
    ALOAD 137
   L702
    GOTO L703
   L696
    LINENUMBER 2295 L696
    ALOAD 126
   L703
    LINENUMBER 2290 L703
    NOP
   L704
    LINENUMBER 2290 L704
    GOTO L705
   L705
    LINENUMBER 592 L705
    CHECKCAST kotlin/jvm/functions/Function1
    ASTORE 138
    ALOAD 120
    INVOKESTATIC androidx/compose/runtime/ComposerKt.sourceInformationMarkerEnd (Landroidx/compose/runtime/Composer;)V
    ALOAD 138
    ACONST_NULL
    ICONST_0
    ACONST_NULL
    ACONST_NULL
    ALOAD 120
    BIPUSH 48
    BIPUSH 60
   L706
    LINENUMBER 590 L706
    INVOKESTATIC androidx/compose/material3/CheckboxKt.Checkbox (ZLkotlin/jvm/functions/Function1;Landroidx/compose/ui/Modifier;ZLandroidx/compose/material3/CheckboxColors;Landroidx/compose/foundation/interaction/MutableInteractionSource;Landroidx/compose/runtime/Composer;II)V
   L707
    LINENUMBER 594 L707
    ALOAD 121
    GETSTATIC androidx/compose/ui/Modifier.Companion : Landroidx/compose/ui/Modifier$Companion;
    CHECKCAST androidx/compose/ui/Modifier
    FCONST_1
    ICONST_0
    ICONST_2
    ACONST_NULL
    INVOKESTATIC androidx/compose/foundation/layout/RowScope.weight$default (Landroidx/compose/foundation/layout/RowScope;Landroidx/compose/ui/Modifier;FZILjava/lang/Object;)Landroidx/compose/ui/Modifier; (itf)
    ASTORE 138
    ALOAD 120
    ASTORE 125
    ICONST_0
    ISTORE 126
   L708
    ICONST_0
    ISTORE 133
   L709
    ALOAD 125
    LDC 1341605231
    LDC "CC(Column)N(modifier,verticalArrangement,horizontalAlignment,content)87@4443L61,88@4509L134:Column.kt#2w3rfo"
   L710
    LINENUMBER 2296 L710
    INVOKESTATIC androidx/compose/runtime/ComposerKt.sourceInformationMarkerStart (Landroidx/compose/runtime/Composer;ILjava/lang/String;)V
   L711
    LINENUMBER 2297 L711
    GETSTATIC androidx/compose/foundation/layout/Arrangement.INSTANCE : Landroidx/compose/foundation/layout/Arrangement;
    INVOKEVIRTUAL androidx/compose/foundation/layout/Arrangement.getTop ()Landroidx/compose/foundation/layout/Arrangement$Vertical;
    ASTORE 123
   L712
    LINENUMBER 2298 L712
    GETSTATIC androidx/compose/ui/Alignment.Companion : Landroidx/compose/ui/Alignment$Companion;
    INVOKEVIRTUAL androidx/compose/ui/Alignment$Companion.getStart ()Landroidx/compose/ui/Alignment$Horizontal;
    ASTORE 124
   L713
    LINENUMBER 2301 L713
    ALOAD 123
    ALOAD 124
    ALOAD 125
    BIPUSH 14
    ILOAD 126
    ICONST_3
    ISHR
    IAND
    BIPUSH 112
    ILOAD 126
    ICONST_3
    ISHR
    IAND
    IOR
    INVOKESTATIC androidx/compose/foundation/layout/ColumnKt.columnMeasurePolicy (Landroidx/compose/foundation/layout/Arrangement$Vertical;Landroidx/compose/ui/Alignment$Horizontal;Landroidx/compose/runtime/Composer;I)Landroidx/compose/ui/layout/MeasurePolicy;
    ASTORE 135
   L714
    LINENUMBER 2305 L714
    ALOAD 138
    ASTORE 137
   L715
    LINENUMBER 2304 L715
    ALOAD 135
    ASTORE 139
    ALOAD 125
    ASTORE 140
    BIPUSH 112
    ILOAD 126
    ICONST_3
    ISHL
    IAND
    ISTORE 141
   L716
    LINENUMBER 2302 L716
    NOP
   L717
    ICONST_0
    ISTORE 142
   L718
    ALOAD 140
    LDC -1159599143
    LDC "CC(Layout)P(!1,2)81@3355L27,84@3521L416:Layout.kt#80mrfh"
   L719
    LINENUMBER 2306 L719
    INVOKESTATIC androidx/compose/runtime/ComposerKt.sourceInformationMarkerStart (Landroidx/compose/runtime/Composer;ILjava/lang/String;)V
   L720
    LINENUMBER 2307 L720
    ALOAD 140
    ICONST_0
    INVOKESTATIC androidx/compose/runtime/ComposablesKt.getCurrentCompositeKeyHashCode (Landroidx/compose/runtime/Composer;I)J
    INVOKESTATIC java/lang/Long.hashCode (J)I
    ISTORE 143
   L721
    ALOAD 140
   L722
    LINENUMBER 2308 L722
    INVOKEINTERFACE androidx/compose/runtime/Composer.getCurrentCompositionLocalMap ()Landroidx/compose/runtime/CompositionLocalMap; (itf)
    ASTORE 144
   L723
    ALOAD 140
   L724
    LINENUMBER 2309 L724
    ALOAD 137
    INVOKESTATIC androidx/compose/ui/ComposedModifierKt.materializeModifier (Landroidx/compose/runtime/Composer;Landroidx/compose/ui/Modifier;)Landroidx/compose/ui/Modifier;
    ASTORE 145
   L725
    LINENUMBER 2311 L725
    GETSTATIC androidx/compose/ui/node/ComposeUiNode.Companion : Landroidx/compose/ui/node/ComposeUiNode$Companion;
    INVOKEVIRTUAL androidx/compose/ui/node/ComposeUiNode$Companion.getConstructor ()Lkotlin/jvm/functions/Function0;
    ASTORE 146
    ALOAD 140
    ASTORE 147
    BIPUSH 6
    SIPUSH 896
    ILOAD 141
    BIPUSH 6
    ISHL
    IAND
    IOR
    ISTORE 148
   L726
    LINENUMBER 2310 L726
    NOP
   L727
    ICONST_0
    ISTORE 149
   L728
    ALOAD 147
    LDC -553112988
    LDC "CC(ReusableComposeNode)N(factory,update,content)399@15590L9:Composables.kt#9igjgp"
   L729
    LINENUMBER 2312 L729
    INVOKESTATIC androidx/compose/runtime/ComposerKt.sourceInformationMarkerStart (Landroidx/compose/runtime/Composer;ILjava/lang/String;)V
   L730
    LINENUMBER 2313 L730
    ALOAD 147
    INVOKEINTERFACE androidx/compose/runtime/Composer.getApplier ()Landroidx/compose/runtime/Applier; (itf)
    INSTANCEOF androidx/compose/runtime/Applier
    IFNE L731
    INVOKESTATIC androidx/compose/runtime/ComposablesKt.invalidApplier ()V
   L731
    ALOAD 147
   L732
    LINENUMBER 2314 L732
    INVOKEINTERFACE androidx/compose/runtime/Composer.startReusableNode ()V (itf)
   L733
    LINENUMBER 2315 L733
    ALOAD 147
    INVOKEINTERFACE androidx/compose/runtime/Composer.getInserting ()Z (itf)
    IFEQ L734
    ALOAD 147
   L735
    LINENUMBER 2316 L735
    ALOAD 146
    INVOKEINTERFACE androidx/compose/runtime/Composer.createNode (Lkotlin/jvm/functions/Function0;)V (itf)
    GOTO L736
   L734
    ALOAD 147
   L737
    LINENUMBER 2318 L737
    INVOKEINTERFACE androidx/compose/runtime/Composer.useNode ()V (itf)
   L736
    LINENUMBER 2320 L736
    ALOAD 147
    INVOKESTATIC androidx/compose/runtime/Updater.constructor-impl (Landroidx/compose/runtime/Composer;)Landroidx/compose/runtime/Composer;
    ASTORE 150
   L738
    ICONST_0
    ISTORE 151
   L739
    LINENUMBER 2321 L739
    ALOAD 150
    ALOAD 139
    GETSTATIC androidx/compose/ui/node/ComposeUiNode.Companion : Landroidx/compose/ui/node/ComposeUiNode$Companion;
    INVOKEVIRTUAL androidx/compose/ui/node/ComposeUiNode$Companion.getSetMeasurePolicy ()Lkotlin/jvm/functions/Function2;
    INVOKESTATIC androidx/compose/runtime/Updater.set-impl (Landroidx/compose/runtime/Composer;Ljava/lang/Object;Lkotlin/jvm/functions/Function2;)V
   L740
    LINENUMBER 2322 L740
    ALOAD 150
    ALOAD 144
    GETSTATIC androidx/compose/ui/node/ComposeUiNode.Companion : Landroidx/compose/ui/node/ComposeUiNode$Companion;
    INVOKEVIRTUAL androidx/compose/ui/node/ComposeUiNode$Companion.getSetResolvedCompositionLocals ()Lkotlin/jvm/functions/Function2;
    INVOKESTATIC androidx/compose/runtime/Updater.set-impl (Landroidx/compose/runtime/Composer;Ljava/lang/Object;Lkotlin/jvm/functions/Function2;)V
   L741
    LINENUMBER 2323 L741
    ALOAD 150
    ILOAD 143
    INVOKESTATIC java/lang/Integer.valueOf (I)Ljava/lang/Integer;
    GETSTATIC androidx/compose/ui/node/ComposeUiNode.Companion : Landroidx/compose/ui/node/ComposeUiNode$Companion;
    INVOKEVIRTUAL androidx/compose/ui/node/ComposeUiNode$Companion.getSetCompositeKeyHash ()Lkotlin/jvm/functions/Function2;
    INVOKESTATIC androidx/compose/runtime/Updater.init-impl (Landroidx/compose/runtime/Composer;Ljava/lang/Object;Lkotlin/jvm/functions/Function2;)V
   L742
    LINENUMBER 2324 L742
    ALOAD 150
    GETSTATIC androidx/compose/ui/node/ComposeUiNode.Companion : Landroidx/compose/ui/node/ComposeUiNode$Companion;
    INVOKEVIRTUAL androidx/compose/ui/node/ComposeUiNode$Companion.getApplyOnDeactivatedNodeAssertion ()Lkotlin/jvm/functions/Function1;
    INVOKESTATIC androidx/compose/runtime/Updater.reconcile-impl (Landroidx/compose/runtime/Composer;Lkotlin/jvm/functions/Function1;)V
   L743
    LINENUMBER 2325 L743
    ALOAD 150
    ALOAD 145
    GETSTATIC androidx/compose/ui/node/ComposeUiNode.Companion : Landroidx/compose/ui/node/ComposeUiNode$Companion;
    INVOKEVIRTUAL androidx/compose/ui/node/ComposeUiNode$Companion.getSetModifier ()Lkotlin/jvm/functions/Function2;
    INVOKESTATIC androidx/compose/runtime/Updater.set-impl (Landroidx/compose/runtime/Composer;Ljava/lang/Object;Lkotlin/jvm/functions/Function2;)V
   L744
    LINENUMBER 2326 L744
    NOP
   L745
    LINENUMBER 2320 L745
    NOP
   L746
    LINENUMBER 2327 L746
    ALOAD 147
    BIPUSH 14
    ILOAD 148
    BIPUSH 6
    ISHR
    IAND
    ISTORE 152
    ASTORE 153
   L747
    ICONST_0
    ISTORE 154
   L748
    ALOAD 153
    LDC 2093002350
    LDC "C89@4557L9:Column.kt#2w3rfo"
   L749
    LINENUMBER 2303 L749
    INVOKESTATIC androidx/compose/runtime/ComposerKt.sourceInformationMarkerStart (Landroidx/compose/runtime/Composer;ILjava/lang/String;)V
    GETSTATIC androidx/compose/foundation/layout/ColumnScopeInstance.INSTANCE : Landroidx/compose/foundation/layout/ColumnScopeInstance;
    ALOAD 153
    BIPUSH 6
    BIPUSH 112
    ILOAD 126
    BIPUSH 6
    ISHR
    IAND
    IOR
    INVOKESTATIC java/lang/Integer.valueOf (I)Ljava/lang/Integer;
    CHECKCAST java/lang/Number
    INVOKEVIRTUAL java/lang/Number.intValue ()I
    ISTORE 155
    CHECKCAST androidx/compose/runtime/Composer
    ASTORE 156
    CHECKCAST androidx/compose/foundation/layout/ColumnScope
    ASTORE 157
   L750
    ICONST_0
    ISTORE 158
   L751
    ALOAD 156
    LDC -693948227
    LDC "C595@28404L45,596@28513L10,594@28351L295,599@28683L29,601@28802L50,602@28916L10,603@29000L11,600@28749L317:TodoEditor.kt#sr0y55"
   L752
    LINENUMBER 595 L752
    INVOKESTATIC androidx/compose/runtime/ComposerKt.sourceInformationMarkerStart (Landroidx/compose/runtime/Composer;ILjava/lang/String;)V
   L753
    LINENUMBER 596 L753
    GETSTATIC com/muddassir/clearview/R$string.todo_strict_interval : I
    ALOAD 156
    ICONST_0
    INVOKESTATIC androidx/compose/ui/res/StringResources_androidKt.stringResource (ILandroidx/compose/runtime/Composer;I)Ljava/lang/String;
    ASTORE 159
   L754
    LINENUMBER 597 L754
    GETSTATIC androidx/compose/material3/MaterialTheme.INSTANCE : Landroidx/compose/material3/MaterialTheme;
    ALOAD 156
    GETSTATIC androidx/compose/material3/MaterialTheme.$stable : I
    INVOKEVIRTUAL androidx/compose/material3/MaterialTheme.getTypography (Landroidx/compose/runtime/Composer;I)Landroidx/compose/material3/Typography;
    INVOKEVIRTUAL androidx/compose/material3/Typography.getTitleSmall ()Landroidx/compose/ui/text/TextStyle;
    ASTORE 160
   L755
    LINENUMBER 598 L755
    GETSTATIC androidx/compose/ui/text/font/FontWeight.Companion : Landroidx/compose/ui/text/font/FontWeight$Companion;
    INVOKEVIRTUAL androidx/compose/ui/text/font/FontWeight$Companion.getSemiBold ()Landroidx/compose/ui/text/font/FontWeight;
    ASTORE 161
   L756
    LINENUMBER 596 L756
    ALOAD 159
    ACONST_NULL
    LCONST_0
    ACONST_NULL
    LCONST_0
    ACONST_NULL
   L757
    LINENUMBER 598 L757
    ALOAD 161
    ACONST_NULL
    LCONST_0
    ACONST_NULL
    ACONST_NULL
    LCONST_0
    ICONST_0
    ICONST_0
    ICONST_0
    ICONST_0
    ACONST_NULL
   L758
    LINENUMBER 597 L758
    ALOAD 160
    ALOAD 156
    LDC 1572864
    ICONST_0
    LDC 131006
   L759
    LINENUMBER 595 L759
    INVOKESTATIC androidx/compose/material3/TextKt.Text-Nvy7gAk (Ljava/lang/String;Landroidx/compose/ui/Modifier;JLandroidx/compose/foundation/text/TextAutoSize;JLandroidx/compose/ui/text/font/FontStyle;Landroidx/compose/ui/text/font/FontWeight;Landroidx/compose/ui/text/font/FontFamily;JLandroidx/compose/ui/text/style/TextDecoration;Landroidx/compose/ui/text/style/TextAlign;JIZIILkotlin/jvm/functions/Function1;Landroidx/compose/ui/text/TextStyle;Landroidx/compose/runtime/Composer;III)V
   L760
    LINENUMBER 600 L760
    GETSTATIC androidx/compose/ui/Modifier.Companion : Landroidx/compose/ui/Modifier$Companion;
    CHECKCAST androidx/compose/ui/Modifier
    ICONST_1
    ISTORE 159
   L761
    ICONST_0
    ISTORE 160
   L762
    LINENUMBER 2328 L762
    ILOAD 159
    I2F
    INVOKESTATIC androidx/compose/ui/unit/Dp.constructor-impl (F)F
    GOTO L763
   L763
    LINENUMBER 600 L763
    INVOKESTATIC androidx/compose/foundation/layout/SizeKt.height-3ABfNKs (Landroidx/compose/ui/Modifier;F)Landroidx/compose/ui/Modifier;
    ALOAD 156
    BIPUSH 6
    INVOKESTATIC androidx/compose/foundation/layout/SpacerKt.Spacer (Landroidx/compose/ui/Modifier;Landroidx/compose/runtime/Composer;I)V
   L764
    LINENUMBER 602 L764
    GETSTATIC com/muddassir/clearview/R$string.todo_strict_interval_note : I
    ALOAD 156
    ICONST_0
    INVOKESTATIC androidx/compose/ui/res/StringResources_androidKt.stringResource (ILandroidx/compose/runtime/Composer;I)Ljava/lang/String;
    ASTORE 159
   L765
    LINENUMBER 603 L765
    GETSTATIC androidx/compose/material3/MaterialTheme.INSTANCE : Landroidx/compose/material3/MaterialTheme;
    ALOAD 156
    GETSTATIC androidx/compose/material3/MaterialTheme.$stable : I
    INVOKEVIRTUAL androidx/compose/material3/MaterialTheme.getTypography (Landroidx/compose/runtime/Composer;I)Landroidx/compose/material3/Typography;
    INVOKEVIRTUAL androidx/compose/material3/Typography.getBodySmall ()Landroidx/compose/ui/text/TextStyle;
    ASTORE 160
   L766
    LINENUMBER 604 L766
    GETSTATIC androidx/compose/material3/MaterialTheme.INSTANCE : Landroidx/compose/material3/MaterialTheme;
    ALOAD 156
    GETSTATIC androidx/compose/material3/MaterialTheme.$stable : I
    INVOKEVIRTUAL androidx/compose/material3/MaterialTheme.getColorScheme (Landroidx/compose/runtime/Composer;I)Landroidx/compose/material3/ColorScheme;
    INVOKEVIRTUAL androidx/compose/material3/ColorScheme.getOnSurfaceVariant-0d7_KjU ()J
    LSTORE 162
   L767
    LINENUMBER 602 L767
    ALOAD 159
    ACONST_NULL
   L768
    LINENUMBER 604 L768
    LLOAD 162
    ACONST_NULL
    LCONST_0
    ACONST_NULL
    ACONST_NULL
    ACONST_NULL
    LCONST_0
    ACONST_NULL
    ACONST_NULL
    LCONST_0
    ICONST_0
    ICONST_0
    ICONST_0
    ICONST_0
    ACONST_NULL
   L769
    LINENUMBER 603 L769
    ALOAD 160
    ALOAD 156
    ICONST_0
    ICONST_0
    LDC 131066
   L770
    LINENUMBER 601 L770
    INVOKESTATIC androidx/compose/material3/TextKt.Text-Nvy7gAk (Ljava/lang/String;Landroidx/compose/ui/Modifier;JLandroidx/compose/foundation/text/TextAutoSize;JLandroidx/compose/ui/text/font/FontStyle;Landroidx/compose/ui/text/font/FontWeight;Landroidx/compose/ui/text/font/FontFamily;JLandroidx/compose/ui/text/style/TextDecoration;Landroidx/compose/ui/text/style/TextAlign;JIZIILkotlin/jvm/functions/Function1;Landroidx/compose/ui/text/TextStyle;Landroidx/compose/runtime/Composer;III)V
    ALOAD 156
   L771
    LINENUMBER 595 L771
    INVOKESTATIC androidx/compose/runtime/ComposerKt.sourceInformationMarkerEnd (Landroidx/compose/runtime/Composer;)V
   L772
    LINENUMBER 606 L772
    GOTO L773
   L773
    GETSTATIC kotlin/Unit.INSTANCE : Lkotlin/Unit;
   L774
    LINENUMBER 2303 L774
    POP
    ALOAD 153
    INVOKESTATIC androidx/compose/runtime/ComposerKt.sourceInformationMarkerEnd (Landroidx/compose/runtime/Composer;)V
   L775
    LINENUMBER 2327 L775
    ALOAD 147
   L776
    LINENUMBER 2329 L776
    INVOKEINTERFACE androidx/compose/runtime/Composer.endNode ()V (itf)
    ALOAD 147
   L777
    LINENUMBER 2312 L777
    INVOKESTATIC androidx/compose/runtime/ComposerKt.sourceInformationMarkerEnd (Landroidx/compose/runtime/Composer;)V
   L778
    LINENUMBER 2330 L778
    NOP
   L779
    ALOAD 140
   L780
    LINENUMBER 2306 L780
    INVOKESTATIC androidx/compose/runtime/ComposerKt.sourceInformationMarkerEnd (Landroidx/compose/runtime/Composer;)V
   L781
    LINENUMBER 2331 L781
    NOP
   L782
    ALOAD 125
   L783
    LINENUMBER 2296 L783
    INVOKESTATIC androidx/compose/runtime/ComposerKt.sourceInformationMarkerEnd (Landroidx/compose/runtime/Composer;)V
   L784
    LINENUMBER 2332 L784
    GOTO L785
   L785
    ALOAD 120
   L786
    LINENUMBER 590 L786
    INVOKESTATIC androidx/compose/runtime/ComposerKt.sourceInformationMarkerEnd (Landroidx/compose/runtime/Composer;)V
   L787
    LINENUMBER 607 L787
    GOTO L788
   L788
    GETSTATIC kotlin/Unit.INSTANCE : Lkotlin/Unit;
   L789
    LINENUMBER 2265 L789
    POP
    ALOAD 117
    INVOKESTATIC androidx/compose/runtime/ComposerKt.sourceInformationMarkerEnd (Landroidx/compose/runtime/Composer;)V
   L790
    LINENUMBER 2289 L790
    ALOAD 111
   L791
    LINENUMBER 2333 L791
    INVOKEINTERFACE androidx/compose/runtime/Composer.endNode ()V (itf)
    ALOAD 111
   L792
    LINENUMBER 2274 L792
    INVOKESTATIC androidx/compose/runtime/ComposerKt.sourceInformationMarkerEnd (Landroidx/compose/runtime/Composer;)V
   L793
    LINENUMBER 2334 L793
    NOP
   L794
    ALOAD 104
   L795
    LINENUMBER 2268 L795
    INVOKESTATIC androidx/compose/runtime/ComposerKt.sourceInformationMarkerEnd (Landroidx/compose/runtime/Composer;)V
   L796
    LINENUMBER 2335 L796
    NOP
   L797
    ALOAD 94
   L798
    LINENUMBER 2258 L798
    INVOKESTATIC androidx/compose/runtime/ComposerKt.sourceInformationMarkerEnd (Landroidx/compose/runtime/Composer;)V
   L799
    LINENUMBER 2336 L799
    GOTO L800
   L800
    LINENUMBER 608 L800
    GETSTATIC androidx/compose/ui/Modifier.Companion : Landroidx/compose/ui/Modifier$Companion;
    CHECKCAST androidx/compose/ui/Modifier
    ICONST_4
    ISTORE 90
   L801
    ICONST_0
    ISTORE 100
   L802
    LINENUMBER 2337 L802
    ILOAD 90
    I2F
    INVOKESTATIC androidx/compose/ui/unit/Dp.constructor-impl (F)F
    GOTO L803
   L803
    LINENUMBER 608 L803
    INVOKESTATIC androidx/compose/foundation/layout/SizeKt.height-3ABfNKs (Landroidx/compose/ui/Modifier;F)Landroidx/compose/ui/Modifier;
    ALOAD 85
    BIPUSH 6
    INVOKESTATIC androidx/compose/foundation/layout/SpacerKt.Spacer (Landroidx/compose/ui/Modifier;Landroidx/compose/runtime/Composer;I)V
   L804
    LINENUMBER 611 L804
    GETSTATIC androidx/compose/ui/Alignment.Companion : Landroidx/compose/ui/Alignment$Companion;
    INVOKEVIRTUAL androidx/compose/ui/Alignment$Companion.getCenterVertically ()Landroidx/compose/ui/Alignment$Vertical;
    ASTORE 91
    ALOAD 85
    ASTORE 92
    SIPUSH 384
    ISTORE 93
   L805
    ICONST_0
    ISTORE 94
   L806
    ALOAD 92
    LDC 844473419
    LDC "CC(Row)N(modifier,horizontalArrangement,verticalAlignment,content)99@5125L58,100@5188L131:Row.kt#2w3rfo"
   L807
    LINENUMBER 2338 L807
    INVOKESTATIC androidx/compose/runtime/ComposerKt.sourceInformationMarkerStart (Landroidx/compose/runtime/Composer;ILjava/lang/String;)V
   L808
    LINENUMBER 2339 L808
    GETSTATIC androidx/compose/ui/Modifier.Companion : Landroidx/compose/ui/Modifier$Companion;
    CHECKCAST androidx/compose/ui/Modifier
    ASTORE 90
   L809
    LINENUMBER 2340 L809
    GETSTATIC androidx/compose/foundation/layout/Arrangement.INSTANCE : Landroidx/compose/foundation/layout/Arrangement;
    INVOKEVIRTUAL androidx/compose/foundation/layout/Arrangement.getStart ()Landroidx/compose/foundation/layout/Arrangement$Horizontal;
    ASTORE 100
   L810
    LINENUMBER 2344 L810
    ALOAD 100
    ALOAD 91
    ALOAD 92
    BIPUSH 14
    ILOAD 93
    ICONST_3
    ISHR
    IAND
    BIPUSH 112
    ILOAD 93
    ICONST_3
    ISHR
    IAND
    IOR
    INVOKESTATIC androidx/compose/foundation/layout/RowKt.rowMeasurePolicy (Landroidx/compose/foundation/layout/Arrangement$Horizontal;Landroidx/compose/ui/Alignment$Vertical;Landroidx/compose/runtime/Composer;I)Landroidx/compose/ui/layout/MeasurePolicy;
    ASTORE 95
   L811
    LINENUMBER 2348 L811
    ALOAD 90
    ASTORE 97
   L812
    LINENUMBER 2347 L812
    ALOAD 95
    ASTORE 99
    ALOAD 92
    ASTORE 102
    BIPUSH 112
    ILOAD 93
    ICONST_3
    ISHL
    IAND
    ISTORE 103
   L813
    LINENUMBER 2345 L813
    NOP
   L814
    ICONST_0
    ISTORE 104
   L815
    ALOAD 102
    LDC -1159599143
    LDC "CC(Layout)P(!1,2)81@3355L27,84@3521L416:Layout.kt#80mrfh"
   L816
    LINENUMBER 2349 L816
    INVOKESTATIC androidx/compose/runtime/ComposerKt.sourceInformationMarkerStart (Landroidx/compose/runtime/Composer;ILjava/lang/String;)V
   L817
    LINENUMBER 2350 L817
    ALOAD 102
    ICONST_0
    INVOKESTATIC androidx/compose/runtime/ComposablesKt.getCurrentCompositeKeyHashCode (Landroidx/compose/runtime/Composer;I)J
    INVOKESTATIC java/lang/Long.hashCode (J)I
    ISTORE 105
   L818
    ALOAD 102
   L819
    LINENUMBER 2351 L819
    INVOKEINTERFACE androidx/compose/runtime/Composer.getCurrentCompositionLocalMap ()Landroidx/compose/runtime/CompositionLocalMap; (itf)
    ASTORE 106
   L820
    ALOAD 102
   L821
    LINENUMBER 2352 L821
    ALOAD 97
    INVOKESTATIC androidx/compose/ui/ComposedModifierKt.materializeModifier (Landroidx/compose/runtime/Composer;Landroidx/compose/ui/Modifier;)Landroidx/compose/ui/Modifier;
    ASTORE 107
   L822
    LINENUMBER 2354 L822
    GETSTATIC androidx/compose/ui/node/ComposeUiNode.Companion : Landroidx/compose/ui/node/ComposeUiNode$Companion;
    INVOKEVIRTUAL androidx/compose/ui/node/ComposeUiNode$Companion.getConstructor ()Lkotlin/jvm/functions/Function0;
    ASTORE 108
    ALOAD 102
    ASTORE 109
    BIPUSH 6
    SIPUSH 896
    ILOAD 103
    BIPUSH 6
    ISHL
    IAND
    IOR
    ISTORE 110
   L823
    LINENUMBER 2353 L823
    NOP
   L824
    ICONST_0
    ISTORE 111
   L825
    ALOAD 109
    LDC -553112988
    LDC "CC(ReusableComposeNode)N(factory,update,content)399@15590L9:Composables.kt#9igjgp"
   L826
    LINENUMBER 2355 L826
    INVOKESTATIC androidx/compose/runtime/ComposerKt.sourceInformationMarkerStart (Landroidx/compose/runtime/Composer;ILjava/lang/String;)V
   L827
    LINENUMBER 2356 L827
    ALOAD 109
    INVOKEINTERFACE androidx/compose/runtime/Composer.getApplier ()Landroidx/compose/runtime/Applier; (itf)
    INSTANCEOF androidx/compose/runtime/Applier
    IFNE L828
    INVOKESTATIC androidx/compose/runtime/ComposablesKt.invalidApplier ()V
   L828
    ALOAD 109
   L829
    LINENUMBER 2357 L829
    INVOKEINTERFACE androidx/compose/runtime/Composer.startReusableNode ()V (itf)
   L830
    LINENUMBER 2358 L830
    ALOAD 109
    INVOKEINTERFACE androidx/compose/runtime/Composer.getInserting ()Z (itf)
    IFEQ L831
    ALOAD 109
   L832
    LINENUMBER 2359 L832
    ALOAD 108
    INVOKEINTERFACE androidx/compose/runtime/Composer.createNode (Lkotlin/jvm/functions/Function0;)V (itf)
    GOTO L833
   L831
    ALOAD 109
   L834
    LINENUMBER 2361 L834
    INVOKEINTERFACE androidx/compose/runtime/Composer.useNode ()V (itf)
   L833
    LINENUMBER 2363 L833
    ALOAD 109
    INVOKESTATIC androidx/compose/runtime/Updater.constructor-impl (Landroidx/compose/runtime/Composer;)Landroidx/compose/runtime/Composer;
    ASTORE 112
   L835
    ICONST_0
    ISTORE 113
   L836
    LINENUMBER 2364 L836
    ALOAD 112
    ALOAD 99
    GETSTATIC androidx/compose/ui/node/ComposeUiNode.Companion : Landroidx/compose/ui/node/ComposeUiNode$Companion;
    INVOKEVIRTUAL androidx/compose/ui/node/ComposeUiNode$Companion.getSetMeasurePolicy ()Lkotlin/jvm/functions/Function2;
    INVOKESTATIC androidx/compose/runtime/Updater.set-impl (Landroidx/compose/runtime/Composer;Ljava/lang/Object;Lkotlin/jvm/functions/Function2;)V
   L837
    LINENUMBER 2365 L837
    ALOAD 112
    ALOAD 106
    GETSTATIC androidx/compose/ui/node/ComposeUiNode.Companion : Landroidx/compose/ui/node/ComposeUiNode$Companion;
    INVOKEVIRTUAL androidx/compose/ui/node/ComposeUiNode$Companion.getSetResolvedCompositionLocals ()Lkotlin/jvm/functions/Function2;
    INVOKESTATIC androidx/compose/runtime/Updater.set-impl (Landroidx/compose/runtime/Composer;Ljava/lang/Object;Lkotlin/jvm/functions/Function2;)V
   L838
    LINENUMBER 2366 L838
    ALOAD 112
    ILOAD 105
    INVOKESTATIC java/lang/Integer.valueOf (I)Ljava/lang/Integer;
    GETSTATIC androidx/compose/ui/node/ComposeUiNode.Companion : Landroidx/compose/ui/node/ComposeUiNode$Companion;
    INVOKEVIRTUAL androidx/compose/ui/node/ComposeUiNode$Companion.getSetCompositeKeyHash ()Lkotlin/jvm/functions/Function2;
    INVOKESTATIC androidx/compose/runtime/Updater.init-impl (Landroidx/compose/runtime/Composer;Ljava/lang/Object;Lkotlin/jvm/functions/Function2;)V
   L839
    LINENUMBER 2367 L839
    ALOAD 112
    GETSTATIC androidx/compose/ui/node/ComposeUiNode.Companion : Landroidx/compose/ui/node/ComposeUiNode$Companion;
    INVOKEVIRTUAL androidx/compose/ui/node/ComposeUiNode$Companion.getApplyOnDeactivatedNodeAssertion ()Lkotlin/jvm/functions/Function1;
    INVOKESTATIC androidx/compose/runtime/Updater.reconcile-impl (Landroidx/compose/runtime/Composer;Lkotlin/jvm/functions/Function1;)V
   L840
    LINENUMBER 2368 L840
    ALOAD 112
    ALOAD 107
    GETSTATIC androidx/compose/ui/node/ComposeUiNode.Companion : Landroidx/compose/ui/node/ComposeUiNode$Companion;
    INVOKEVIRTUAL androidx/compose/ui/node/ComposeUiNode$Companion.getSetModifier ()Lkotlin/jvm/functions/Function2;
    INVOKESTATIC androidx/compose/runtime/Updater.set-impl (Landroidx/compose/runtime/Composer;Ljava/lang/Object;Lkotlin/jvm/functions/Function2;)V
   L841
    LINENUMBER 2369 L841
    NOP
   L842
    LINENUMBER 2363 L842
    NOP
   L843
    LINENUMBER 2370 L843
    ALOAD 109
    BIPUSH 14
    ILOAD 110
    BIPUSH 6
    ISHR
    IAND
    ISTORE 114
    ASTORE 115
   L844
    ICONST_0
    ISTORE 116
   L845
    ALOAD 115
    LDC 1456264949
    LDC "C101@5233L9:Row.kt#2w3rfo"
   L846
    LINENUMBER 2346 L846
    INVOKESTATIC androidx/compose/runtime/ComposerKt.sourceInformationMarkerStart (Landroidx/compose/runtime/Composer;ILjava/lang/String;)V
    GETSTATIC androidx/compose/foundation/layout/RowScopeInstance.INSTANCE : Landroidx/compose/foundation/layout/RowScopeInstance;
    ALOAD 115
    BIPUSH 6
    BIPUSH 112
    ILOAD 93
    BIPUSH 6
    ISHR
    IAND
    IOR
    INVOKESTATIC java/lang/Integer.valueOf (I)Ljava/lang/Integer;
    CHECKCAST java/lang/Number
    INVOKEVIRTUAL java/lang/Number.intValue ()I
    ISTORE 117
    CHECKCAST androidx/compose/runtime/Composer
    ASTORE 118
    CHECKCAST androidx/compose/foundation/layout/RowScope
    ASTORE 119
   L847
    ICONST_0
    ISTORE 120
   L848
    ALOAD 118
    LDC 1801512801
    LDC "C611@29462L838,625@30391L41,624@30333L527,636@31023L10,634@30893L388,642@31372L41,641@31314L524:TodoEditor.kt#sr0y55"
   L849
    LINENUMBER 612 L849
    INVOKESTATIC androidx/compose/runtime/ComposerKt.sourceInformationMarkerStart (Landroidx/compose/runtime/Composer;ILjava/lang/String;)V
    ALOAD 119
    GETSTATIC androidx/compose/ui/Modifier.Companion : Landroidx/compose/ui/Modifier$Companion;
    CHECKCAST androidx/compose/ui/Modifier
    FCONST_1
    ICONST_0
    ICONST_2
    ACONST_NULL
    INVOKESTATIC androidx/compose/foundation/layout/RowScope.weight$default (Landroidx/compose/foundation/layout/RowScope;Landroidx/compose/ui/Modifier;FZILjava/lang/Object;)Landroidx/compose/ui/Modifier; (itf)
    ASTORE 121
    ALOAD 118
    ASTORE 122
    ICONST_0
    ISTORE 123
   L850
    ICONST_0
    ISTORE 124
   L851
    ALOAD 122
    LDC 1341605231
    LDC "CC(Column)N(modifier,verticalArrangement,horizontalAlignment,content)87@4443L61,88@4509L134:Column.kt#2w3rfo"
   L852
    LINENUMBER 2371 L852
    INVOKESTATIC androidx/compose/runtime/ComposerKt.sourceInformationMarkerStart (Landroidx/compose/runtime/Composer;ILjava/lang/String;)V
   L853
    LINENUMBER 2372 L853
    GETSTATIC androidx/compose/foundation/layout/Arrangement.INSTANCE : Landroidx/compose/foundation/layout/Arrangement;
    INVOKEVIRTUAL androidx/compose/foundation/layout/Arrangement.getTop ()Landroidx/compose/foundation/layout/Arrangement$Vertical;
    ASTORE 125
   L854
    LINENUMBER 2373 L854
    GETSTATIC androidx/compose/ui/Alignment.Companion : Landroidx/compose/ui/Alignment$Companion;
    INVOKEVIRTUAL androidx/compose/ui/Alignment$Companion.getStart ()Landroidx/compose/ui/Alignment$Horizontal;
    ASTORE 126
   L855
    LINENUMBER 2376 L855
    ALOAD 125
    ALOAD 126
    ALOAD 122
    BIPUSH 14
    ILOAD 123
    ICONST_3
    ISHR
    IAND
    BIPUSH 112
    ILOAD 123
    ICONST_3
    ISHR
    IAND
    IOR
    INVOKESTATIC androidx/compose/foundation/layout/ColumnKt.columnMeasurePolicy (Landroidx/compose/foundation/layout/Arrangement$Vertical;Landroidx/compose/ui/Alignment$Horizontal;Landroidx/compose/runtime/Composer;I)Landroidx/compose/ui/layout/MeasurePolicy;
    ASTORE 133
   L856
    LINENUMBER 2380 L856
    ALOAD 121
    ASTORE 134
   L857
    LINENUMBER 2379 L857
    ALOAD 133
    ASTORE 135
    ALOAD 122
    ASTORE 136
    BIPUSH 112
    ILOAD 123
    ICONST_3
    ISHL
    IAND
    ISTORE 137
   L858
    LINENUMBER 2377 L858
    NOP
   L859
    ICONST_0
    ISTORE 138
   L860
    ALOAD 136
    LDC -1159599143
    LDC "CC(Layout)P(!1,2)81@3355L27,84@3521L416:Layout.kt#80mrfh"
   L861
    LINENUMBER 2381 L861
    INVOKESTATIC androidx/compose/runtime/ComposerKt.sourceInformationMarkerStart (Landroidx/compose/runtime/Composer;ILjava/lang/String;)V
   L862
    LINENUMBER 2382 L862
    ALOAD 136
    ICONST_0
    INVOKESTATIC androidx/compose/runtime/ComposablesKt.getCurrentCompositeKeyHashCode (Landroidx/compose/runtime/Composer;I)J
    INVOKESTATIC java/lang/Long.hashCode (J)I
    ISTORE 139
   L863
    ALOAD 136
   L864
    LINENUMBER 2383 L864
    INVOKEINTERFACE androidx/compose/runtime/Composer.getCurrentCompositionLocalMap ()Landroidx/compose/runtime/CompositionLocalMap; (itf)
    ASTORE 140
   L865
    ALOAD 136
   L866
    LINENUMBER 2384 L866
    ALOAD 134
    INVOKESTATIC androidx/compose/ui/ComposedModifierKt.materializeModifier (Landroidx/compose/runtime/Composer;Landroidx/compose/ui/Modifier;)Landroidx/compose/ui/Modifier;
    ASTORE 141
   L867
    LINENUMBER 2386 L867
    GETSTATIC androidx/compose/ui/node/ComposeUiNode.Companion : Landroidx/compose/ui/node/ComposeUiNode$Companion;
    INVOKEVIRTUAL androidx/compose/ui/node/ComposeUiNode$Companion.getConstructor ()Lkotlin/jvm/functions/Function0;
    ASTORE 142
    ALOAD 136
    ASTORE 143
    BIPUSH 6
    SIPUSH 896
    ILOAD 137
    BIPUSH 6
    ISHL
    IAND
    IOR
    ISTORE 144
   L868
    LINENUMBER 2385 L868
    NOP
   L869
    ICONST_0
    ISTORE 145
   L870
    ALOAD 143
    LDC -553112988
    LDC "CC(ReusableComposeNode)N(factory,update,content)399@15590L9:Composables.kt#9igjgp"
   L871
    LINENUMBER 2387 L871
    INVOKESTATIC androidx/compose/runtime/ComposerKt.sourceInformationMarkerStart (Landroidx/compose/runtime/Composer;ILjava/lang/String;)V
   L872
    LINENUMBER 2388 L872
    ALOAD 143
    INVOKEINTERFACE androidx/compose/runtime/Composer.getApplier ()Landroidx/compose/runtime/Applier; (itf)
    INSTANCEOF androidx/compose/runtime/Applier
    IFNE L873
    INVOKESTATIC androidx/compose/runtime/ComposablesKt.invalidApplier ()V
   L873
    ALOAD 143
   L874
    LINENUMBER 2389 L874
    INVOKEINTERFACE androidx/compose/runtime/Composer.startReusableNode ()V (itf)
   L875
    LINENUMBER 2390 L875
    ALOAD 143
    INVOKEINTERFACE androidx/compose/runtime/Composer.getInserting ()Z (itf)
    IFEQ L876
    ALOAD 143
   L877
    LINENUMBER 2391 L877
    ALOAD 142
    INVOKEINTERFACE androidx/compose/runtime/Composer.createNode (Lkotlin/jvm/functions/Function0;)V (itf)
    GOTO L878
   L876
    ALOAD 143
   L879
    LINENUMBER 2393 L879
    INVOKEINTERFACE androidx/compose/runtime/Composer.useNode ()V (itf)
   L878
    LINENUMBER 2395 L878
    ALOAD 143
    INVOKESTATIC androidx/compose/runtime/Updater.constructor-impl (Landroidx/compose/runtime/Composer;)Landroidx/compose/runtime/Composer;
    ASTORE 146
   L880
    ICONST_0
    ISTORE 147
   L881
    LINENUMBER 2396 L881
    ALOAD 146
    ALOAD 135
    GETSTATIC androidx/compose/ui/node/ComposeUiNode.Companion : Landroidx/compose/ui/node/ComposeUiNode$Companion;
    INVOKEVIRTUAL androidx/compose/ui/node/ComposeUiNode$Companion.getSetMeasurePolicy ()Lkotlin/jvm/functions/Function2;
    INVOKESTATIC androidx/compose/runtime/Updater.set-impl (Landroidx/compose/runtime/Composer;Ljava/lang/Object;Lkotlin/jvm/functions/Function2;)V
   L882
    LINENUMBER 2397 L882
    ALOAD 146
    ALOAD 140
    GETSTATIC androidx/compose/ui/node/ComposeUiNode.Companion : Landroidx/compose/ui/node/ComposeUiNode$Companion;
    INVOKEVIRTUAL androidx/compose/ui/node/ComposeUiNode$Companion.getSetResolvedCompositionLocals ()Lkotlin/jvm/functions/Function2;
    INVOKESTATIC androidx/compose/runtime/Updater.set-impl (Landroidx/compose/runtime/Composer;Ljava/lang/Object;Lkotlin/jvm/functions/Function2;)V
   L883
    LINENUMBER 2398 L883
    ALOAD 146
    ILOAD 139
    INVOKESTATIC java/lang/Integer.valueOf (I)Ljava/lang/Integer;
    GETSTATIC androidx/compose/ui/node/ComposeUiNode.Companion : Landroidx/compose/ui/node/ComposeUiNode$Companion;
    INVOKEVIRTUAL androidx/compose/ui/node/ComposeUiNode$Companion.getSetCompositeKeyHash ()Lkotlin/jvm/functions/Function2;
    INVOKESTATIC androidx/compose/runtime/Updater.init-impl (Landroidx/compose/runtime/Composer;Ljava/lang/Object;Lkotlin/jvm/functions/Function2;)V
   L884
    LINENUMBER 2399 L884
    ALOAD 146
    GETSTATIC androidx/compose/ui/node/ComposeUiNode.Companion : Landroidx/compose/ui/node/ComposeUiNode$Companion;
    INVOKEVIRTUAL androidx/compose/ui/node/ComposeUiNode$Companion.getApplyOnDeactivatedNodeAssertion ()Lkotlin/jvm/functions/Function1;
    INVOKESTATIC androidx/compose/runtime/Updater.reconcile-impl (Landroidx/compose/runtime/Composer;Lkotlin/jvm/functions/Function1;)V
   L885
    LINENUMBER 2400 L885
    ALOAD 146
    ALOAD 141
    GETSTATIC androidx/compose/ui/node/ComposeUiNode.Companion : Landroidx/compose/ui/node/ComposeUiNode$Companion;
    INVOKEVIRTUAL androidx/compose/ui/node/ComposeUiNode$Companion.getSetModifier ()Lkotlin/jvm/functions/Function2;
    INVOKESTATIC androidx/compose/runtime/Updater.set-impl (Landroidx/compose/runtime/Composer;Ljava/lang/Object;Lkotlin/jvm/functions/Function2;)V
   L886
    LINENUMBER 2401 L886
    NOP
   L887
    LINENUMBER 2395 L887
    NOP
   L888
    LINENUMBER 2402 L888
    ALOAD 143
    BIPUSH 14
    ILOAD 144
    BIPUSH 6
    ISHR
    IAND
    ISTORE 148
    ASTORE 149
   L889
    ICONST_0
    ISTORE 150
   L890
    ALOAD 149
    LDC 2093002350
    LDC "C89@4557L9:Column.kt#2w3rfo"
   L891
    LINENUMBER 2378 L891
    INVOKESTATIC androidx/compose/runtime/ComposerKt.sourceInformationMarkerStart (Landroidx/compose/runtime/Composer;ILjava/lang/String;)V
    GETSTATIC androidx/compose/foundation/layout/ColumnScopeInstance.INSTANCE : Landroidx/compose/foundation/layout/ColumnScopeInstance;
    ALOAD 149
    BIPUSH 6
    BIPUSH 112
    ILOAD 123
    BIPUSH 6
    ISHR
    IAND
    IOR
    INVOKESTATIC java/lang/Integer.valueOf (I)Ljava/lang/Integer;
    CHECKCAST java/lang/Number
    INVOKEVIRTUAL java/lang/Number.intValue ()I
    ISTORE 151
    CHECKCAST androidx/compose/runtime/Composer
    ASTORE 152
    CHECKCAST androidx/compose/foundation/layout/ColumnScope
    ASTORE 153
   L892
    ICONST_0
    ISTORE 154
   L893
    ALOAD 152
    LDC -1287507416
    LDC "C613@29592L51,614@29707L10,612@29539L301,617@29877L29,619@29996L56,620@30116L10,621@30200L11,618@29943L323:TodoEditor.kt#sr0y55"
   L894
    LINENUMBER 613 L894
    INVOKESTATIC androidx/compose/runtime/ComposerKt.sourceInformationMarkerStart (Landroidx/compose/runtime/Composer;ILjava/lang/String;)V
   L895
    LINENUMBER 614 L895
    GETSTATIC com/muddassir/clearview/R$string.todo_remind_times_in_range : I
    ALOAD 152
    ICONST_0
    INVOKESTATIC androidx/compose/ui/res/StringResources_androidKt.stringResource (ILandroidx/compose/runtime/Composer;I)Ljava/lang/String;
    ASTORE 155
   L896
    LINENUMBER 615 L896
    GETSTATIC androidx/compose/material3/MaterialTheme.INSTANCE : Landroidx/compose/material3/MaterialTheme;
    ALOAD 152
    GETSTATIC androidx/compose/material3/MaterialTheme.$stable : I
    INVOKEVIRTUAL androidx/compose/material3/MaterialTheme.getTypography (Landroidx/compose/runtime/Composer;I)Landroidx/compose/material3/Typography;
    INVOKEVIRTUAL androidx/compose/material3/Typography.getTitleSmall ()Landroidx/compose/ui/text/TextStyle;
    ASTORE 156
   L897
    LINENUMBER 616 L897
    GETSTATIC androidx/compose/ui/text/font/FontWeight.Companion : Landroidx/compose/ui/text/font/FontWeight$Companion;
    INVOKEVIRTUAL androidx/compose/ui/text/font/FontWeight$Companion.getSemiBold ()Landroidx/compose/ui/text/font/FontWeight;
    ASTORE 157
   L898
    LINENUMBER 614 L898
    ALOAD 155
    ACONST_NULL
    LCONST_0
    ACONST_NULL
    LCONST_0
    ACONST_NULL
   L899
    LINENUMBER 616 L899
    ALOAD 157
    ACONST_NULL
    LCONST_0
    ACONST_NULL
    ACONST_NULL
    LCONST_0
    ICONST_0
    ICONST_0
    ICONST_0
    ICONST_0
    ACONST_NULL
   L900
    LINENUMBER 615 L900
    ALOAD 156
    ALOAD 152
    LDC 1572864
    ICONST_0
    LDC 131006
   L901
    LINENUMBER 613 L901
    INVOKESTATIC androidx/compose/material3/TextKt.Text-Nvy7gAk (Ljava/lang/String;Landroidx/compose/ui/Modifier;JLandroidx/compose/foundation/text/TextAutoSize;JLandroidx/compose/ui/text/font/FontStyle;Landroidx/compose/ui/text/font/FontWeight;Landroidx/compose/ui/text/font/FontFamily;JLandroidx/compose/ui/text/style/TextDecoration;Landroidx/compose/ui/text/style/TextAlign;JIZIILkotlin/jvm/functions/Function1;Landroidx/compose/ui/text/TextStyle;Landroidx/compose/runtime/Composer;III)V
   L902
    LINENUMBER 618 L902
    GETSTATIC androidx/compose/ui/Modifier.Companion : Landroidx/compose/ui/Modifier$Companion;
    CHECKCAST androidx/compose/ui/Modifier
    ICONST_1
    ISTORE 155
   L903
    ICONST_0
    ISTORE 156
   L904
    LINENUMBER 2403 L904
    ILOAD 155
    I2F
    INVOKESTATIC androidx/compose/ui/unit/Dp.constructor-impl (F)F
    GOTO L905
   L905
    LINENUMBER 618 L905
    INVOKESTATIC androidx/compose/foundation/layout/SizeKt.height-3ABfNKs (Landroidx/compose/ui/Modifier;F)Landroidx/compose/ui/Modifier;
    ALOAD 152
    BIPUSH 6
    INVOKESTATIC androidx/compose/foundation/layout/SpacerKt.Spacer (Landroidx/compose/ui/Modifier;Landroidx/compose/runtime/Composer;I)V
   L906
    LINENUMBER 620 L906
    GETSTATIC com/muddassir/clearview/R$string.todo_remind_times_in_range_note : I
    ALOAD 152
    ICONST_0
    INVOKESTATIC androidx/compose/ui/res/StringResources_androidKt.stringResource (ILandroidx/compose/runtime/Composer;I)Ljava/lang/String;
    ASTORE 155
   L907
    LINENUMBER 621 L907
    GETSTATIC androidx/compose/material3/MaterialTheme.INSTANCE : Landroidx/compose/material3/MaterialTheme;
    ALOAD 152
    GETSTATIC androidx/compose/material3/MaterialTheme.$stable : I
    INVOKEVIRTUAL androidx/compose/material3/MaterialTheme.getTypography (Landroidx/compose/runtime/Composer;I)Landroidx/compose/material3/Typography;
    INVOKEVIRTUAL androidx/compose/material3/Typography.getBodySmall ()Landroidx/compose/ui/text/TextStyle;
    ASTORE 156
   L908
    LINENUMBER 622 L908
    GETSTATIC androidx/compose/material3/MaterialTheme.INSTANCE : Landroidx/compose/material3/MaterialTheme;
    ALOAD 152
    GETSTATIC androidx/compose/material3/MaterialTheme.$stable : I
    INVOKEVIRTUAL androidx/compose/material3/MaterialTheme.getColorScheme (Landroidx/compose/runtime/Composer;I)Landroidx/compose/material3/ColorScheme;
    INVOKEVIRTUAL androidx/compose/material3/ColorScheme.getOnSurfaceVariant-0d7_KjU ()J
    LSTORE 164
   L909
    LINENUMBER 620 L909
    ALOAD 155
    ACONST_NULL
   L910
    LINENUMBER 622 L910
    LLOAD 164
    ACONST_NULL
    LCONST_0
    ACONST_NULL
    ACONST_NULL
    ACONST_NULL
    LCONST_0
    ACONST_NULL
    ACONST_NULL
    LCONST_0
    ICONST_0
    ICONST_0
    ICONST_0
    ICONST_0
    ACONST_NULL
   L911
    LINENUMBER 621 L911
    ALOAD 156
    ALOAD 152
    ICONST_0
    ICONST_0
    LDC 131066
   L912
    LINENUMBER 619 L912
    INVOKESTATIC androidx/compose/material3/TextKt.Text-Nvy7gAk (Ljava/lang/String;Landroidx/compose/ui/Modifier;JLandroidx/compose/foundation/text/TextAutoSize;JLandroidx/compose/ui/text/font/FontStyle;Landroidx/compose/ui/text/font/FontWeight;Landroidx/compose/ui/text/font/FontFamily;JLandroidx/compose/ui/text/style/TextDecoration;Landroidx/compose/ui/text/style/TextAlign;JIZIILkotlin/jvm/functions/Function1;Landroidx/compose/ui/text/TextStyle;Landroidx/compose/runtime/Composer;III)V
    ALOAD 152
   L913
    LINENUMBER 613 L913
    INVOKESTATIC androidx/compose/runtime/ComposerKt.sourceInformationMarkerEnd (Landroidx/compose/runtime/Composer;)V
   L914
    LINENUMBER 624 L914
    GOTO L915
   L915
    GETSTATIC kotlin/Unit.INSTANCE : Lkotlin/Unit;
   L916
    LINENUMBER 2378 L916
    POP
    ALOAD 149
    INVOKESTATIC androidx/compose/runtime/ComposerKt.sourceInformationMarkerEnd (Landroidx/compose/runtime/Composer;)V
   L917
    LINENUMBER 2402 L917
    ALOAD 143
   L918
    LINENUMBER 2404 L918
    INVOKEINTERFACE androidx/compose/runtime/Composer.endNode ()V (itf)
    ALOAD 143
   L919
    LINENUMBER 2387 L919
    INVOKESTATIC androidx/compose/runtime/ComposerKt.sourceInformationMarkerEnd (Landroidx/compose/runtime/Composer;)V
   L920
    LINENUMBER 2405 L920
    NOP
   L921
    ALOAD 136
   L922
    LINENUMBER 2381 L922
    INVOKESTATIC androidx/compose/runtime/ComposerKt.sourceInformationMarkerEnd (Landroidx/compose/runtime/Composer;)V
   L923
    LINENUMBER 2406 L923
    NOP
   L924
    ALOAD 122
   L925
    LINENUMBER 2371 L925
    INVOKESTATIC androidx/compose/runtime/ComposerKt.sourceInformationMarkerEnd (Landroidx/compose/runtime/Composer;)V
   L926
    LINENUMBER 2407 L926
    GOTO L927
   L927
    ALOAD 118
    LDC 2136350691
    LDC "CC(remember):TodoEditor.kt#9igjgp"
   L928
    LINENUMBER 626 L928
    INVOKESTATIC androidx/compose/runtime/ComposerKt.sourceInformationMarkerStart (Landroidx/compose/runtime/Composer;ILjava/lang/String;)V
    ALOAD 118
    ASTORE 125
    ICONST_0
    ISTORE 126
   L929
    ICONST_0
    ISTORE 122
   L930
    LINENUMBER 2408 L930
    ALOAD 125
    INVOKEINTERFACE androidx/compose/runtime/Composer.rememberedValue ()Ljava/lang/Object; (itf)
    ASTORE 123
   L931
    ICONST_0
    ISTORE 124
   L932
    LINENUMBER 2409 L932
    ILOAD 126
    IFNE L933
    ALOAD 123
    GETSTATIC androidx/compose/runtime/Composer.Companion : Landroidx/compose/runtime/Composer$Companion;
    INVOKEVIRTUAL androidx/compose/runtime/Composer$Companion.getEmpty ()Ljava/lang/Object;
    IF_ACMPNE L934
   L933
    LINENUMBER 2410 L933
    ICONST_0
    ISTORE 133
   L935
    LINENUMBER 626 L935
    ALOAD 22
    ALOAD 20
    ALOAD 21
    ALOAD 19
    INVOKEDYNAMIC invoke(Landroidx/compose/runtime/MutableState;Landroidx/compose/runtime/MutableState;Landroidx/compose/runtime/MutableState;Landroidx/compose/runtime/MutableState;)Lkotlin/jvm/functions/Function0; [
      // handle kind 0x6 : INVOKESTATIC
      java/lang/invoke/LambdaMetafactory.metafactory(Ljava/lang/invoke/MethodHandles$Lookup;Ljava/lang/String;Ljava/lang/invoke/MethodType;Ljava/lang/invoke/MethodType;Ljava/lang/invoke/MethodHandle;Ljava/lang/invoke/MethodType;)Ljava/lang/invoke/CallSite;
      // arguments:
      ()Ljava/lang/Object;, 
      // handle kind 0x6 : INVOKESTATIC
      com/muddassir/clearview/todo/ui/TodoEditorKt.TodoEditorDialog$lambda$151$lambda$150$lambda$149$lambda$147$lambda$124$lambda$121$lambda$120(Landroidx/compose/runtime/MutableState;Landroidx/compose/runtime/MutableState;Landroidx/compose/runtime/MutableState;Landroidx/compose/runtime/MutableState;)Lkotlin/Unit;, 
      ()Lkotlin/Unit;
    ]
    GOTO L936
   L936
    LINENUMBER 2410 L936
    ASTORE 134
   L937
    LINENUMBER 2411 L937
    ALOAD 125
    ALOAD 134
    INVOKEINTERFACE androidx/compose/runtime/Composer.updateRememberedValue (Ljava/lang/Object;)V (itf)
   L938
    LINENUMBER 2412 L938
    ALOAD 134
   L939
    GOTO L940
   L934
    LINENUMBER 2413 L934
    ALOAD 123
   L940
    LINENUMBER 2408 L940
    NOP
   L941
    LINENUMBER 2408 L941
    GOTO L942
   L942
    LINENUMBER 626 L942
    CHECKCAST kotlin/jvm/functions/Function0
    ASTORE 121
    ALOAD 118
    INVOKESTATIC androidx/compose/runtime/ComposerKt.sourceInformationMarkerEnd (Landroidx/compose/runtime/Composer;)V
    ALOAD 121
   L943
    LINENUMBER 627 L943
    GETSTATIC androidx/compose/ui/Modifier.Companion : Landroidx/compose/ui/Modifier$Companion;
    CHECKCAST androidx/compose/ui/Modifier
    BIPUSH 36
    ISTORE 121
   L944
    ICONST_0
    ISTORE 125
   L945
    LINENUMBER 2414 L945
    ILOAD 121
    I2F
    INVOKESTATIC androidx/compose/ui/unit/Dp.constructor-impl (F)F
    GOTO L946
   L946
    LINENUMBER 627 L946
    INVOKESTATIC androidx/compose/foundation/layout/SizeKt.size-3ABfNKs (Landroidx/compose/ui/Modifier;F)Landroidx/compose/ui/Modifier;
    ICONST_0
    ACONST_NULL
    ACONST_NULL
    ACONST_NULL
    GETSTATIC com/muddassir/clearview/todo/ui/ComposableSingletons$TodoEditorKt.INSTANCE : Lcom/muddassir/clearview/todo/ui/ComposableSingletons$TodoEditorKt;
    INVOKEVIRTUAL com/muddassir/clearview/todo/ui/ComposableSingletons$TodoEditorKt.getLambda$-1337579780$app ()Lkotlin/jvm/functions/Function2;
    ALOAD 118
    LDC 1572918
    BIPUSH 60
   L947
    LINENUMBER 625 L947
    INVOKESTATIC androidx/compose/material3/IconButtonKt.IconButton (Lkotlin/jvm/functions/Function0;Landroidx/compose/ui/Modifier;ZLandroidx/compose/material3/IconButtonColors;Landroidx/compose/foundation/interaction/MutableInteractionSource;Landroidx/compose/ui/graphics/Shape;Lkotlin/jvm/functions/Function2;Landroidx/compose/runtime/Composer;II)V
   L948
    LINENUMBER 636 L948
    ALOAD 22
    INVOKESTATIC com/muddassir/clearview/todo/ui/TodoEditorKt.TodoEditorDialog$lambda$39 (Landroidx/compose/runtime/MutableState;)I
    INVOKESTATIC java/lang/String.valueOf (I)Ljava/lang/String;
    ASTORE 121
   L949
    LINENUMBER 637 L949
    GETSTATIC androidx/compose/material3/MaterialTheme.INSTANCE : Landroidx/compose/material3/MaterialTheme;
    ALOAD 118
    GETSTATIC androidx/compose/material3/MaterialTheme.$stable : I
    INVOKEVIRTUAL androidx/compose/material3/MaterialTheme.getTypography (Landroidx/compose/runtime/Composer;I)Landroidx/compose/material3/Typography;
    INVOKEVIRTUAL androidx/compose/material3/Typography.getTitleMedium ()Landroidx/compose/ui/text/TextStyle;
    ASTORE 125
   L950
    LINENUMBER 638 L950
    GETSTATIC androidx/compose/ui/text/font/FontWeight.Companion : Landroidx/compose/ui/text/font/FontWeight$Companion;
    INVOKEVIRTUAL androidx/compose/ui/text/font/FontWeight$Companion.getBold ()Landroidx/compose/ui/text/font/FontWeight;
    ASTORE 126
   L951
    LINENUMBER 639 L951
    GETSTATIC androidx/compose/ui/Modifier.Companion : Landroidx/compose/ui/Modifier$Companion;
    CHECKCAST androidx/compose/ui/Modifier
    BIPUSH 26
    ISTORE 123
   L952
    ICONST_0
    ISTORE 124
   L953
    LINENUMBER 2415 L953
    ILOAD 123
    I2F
    INVOKESTATIC androidx/compose/ui/unit/Dp.constructor-impl (F)F
    GOTO L954
   L954
    LINENUMBER 639 L954
    INVOKESTATIC androidx/compose/foundation/layout/SizeKt.width-3ABfNKs (Landroidx/compose/ui/Modifier;F)Landroidx/compose/ui/Modifier;
    ASTORE 122
   L955
    LINENUMBER 640 L955
    GETSTATIC androidx/compose/ui/text/style/TextAlign.Companion : Landroidx/compose/ui/text/style/TextAlign$Companion;
    INVOKEVIRTUAL androidx/compose/ui/text/style/TextAlign$Companion.getCenter-e0LSkKk ()I
    ISTORE 123
   L956
    LINENUMBER 636 L956
    ALOAD 121
   L957
    LINENUMBER 639 L957
    ALOAD 122
    LCONST_0
    ACONST_NULL
    LCONST_0
    ACONST_NULL
   L958
    LINENUMBER 638 L958
    ALOAD 126
    ACONST_NULL
    LCONST_0
    ACONST_NULL
   L959
    LINENUMBER 640 L959
    ILOAD 123
    INVOKESTATIC androidx/compose/ui/text/style/TextAlign.box-impl (I)Landroidx/compose/ui/text/style/TextAlign;
    LCONST_0
    ICONST_0
    ICONST_0
    ICONST_0
    ICONST_0
    ACONST_NULL
   L960
    LINENUMBER 637 L960
    ALOAD 125
    ALOAD 118
    LDC 1572912
    ICONST_0
    LDC 129980
   L961
    LINENUMBER 635 L961
    INVOKESTATIC androidx/compose/material3/TextKt.Text-Nvy7gAk (Ljava/lang/String;Landroidx/compose/ui/Modifier;JLandroidx/compose/foundation/text/TextAutoSize;JLandroidx/compose/ui/text/font/FontStyle;Landroidx/compose/ui/text/font/FontWeight;Landroidx/compose/ui/text/font/FontFamily;JLandroidx/compose/ui/text/style/TextDecoration;Landroidx/compose/ui/text/style/TextAlign;JIZIILkotlin/jvm/functions/Function1;Landroidx/compose/ui/text/TextStyle;Landroidx/compose/runtime/Composer;III)V
    ALOAD 118
    LDC 2136382083
    LDC "CC(remember):TodoEditor.kt#9igjgp"
   L962
    LINENUMBER 643 L962
    INVOKESTATIC androidx/compose/runtime/ComposerKt.sourceInformationMarkerStart (Landroidx/compose/runtime/Composer;ILjava/lang/String;)V
    ALOAD 118
    ASTORE 125
    ICONST_0
    ISTORE 126
   L963
    ICONST_0
    ISTORE 122
   L964
    LINENUMBER 2416 L964
    ALOAD 125
    INVOKEINTERFACE androidx/compose/runtime/Composer.rememberedValue ()Ljava/lang/Object; (itf)
    ASTORE 123
   L965
    ICONST_0
    ISTORE 124
   L966
    LINENUMBER 2417 L966
    ILOAD 126
    IFNE L967
    ALOAD 123
    GETSTATIC androidx/compose/runtime/Composer.Companion : Landroidx/compose/runtime/Composer$Companion;
    INVOKEVIRTUAL androidx/compose/runtime/Composer$Companion.getEmpty ()Ljava/lang/Object;
    IF_ACMPNE L968
   L967
    LINENUMBER 2418 L967
    ICONST_0
    ISTORE 133
   L969
    LINENUMBER 643 L969
    ALOAD 22
    ALOAD 20
    ALOAD 21
    ALOAD 19
    INVOKEDYNAMIC invoke(Landroidx/compose/runtime/MutableState;Landroidx/compose/runtime/MutableState;Landroidx/compose/runtime/MutableState;Landroidx/compose/runtime/MutableState;)Lkotlin/jvm/functions/Function0; [
      // handle kind 0x6 : INVOKESTATIC
      java/lang/invoke/LambdaMetafactory.metafactory(Ljava/lang/invoke/MethodHandles$Lookup;Ljava/lang/String;Ljava/lang/invoke/MethodType;Ljava/lang/invoke/MethodType;Ljava/lang/invoke/MethodHandle;Ljava/lang/invoke/MethodType;)Ljava/lang/invoke/CallSite;
      // arguments:
      ()Ljava/lang/Object;, 
      // handle kind 0x6 : INVOKESTATIC
      com/muddassir/clearview/todo/ui/TodoEditorKt.TodoEditorDialog$lambda$151$lambda$150$lambda$149$lambda$147$lambda$124$lambda$123$lambda$122(Landroidx/compose/runtime/MutableState;Landroidx/compose/runtime/MutableState;Landroidx/compose/runtime/MutableState;Landroidx/compose/runtime/MutableState;)Lkotlin/Unit;, 
      ()Lkotlin/Unit;
    ]
    GOTO L970
   L970
    LINENUMBER 2418 L970
    ASTORE 134
   L971
    LINENUMBER 2419 L971
    ALOAD 125
    ALOAD 134
    INVOKEINTERFACE androidx/compose/runtime/Composer.updateRememberedValue (Ljava/lang/Object;)V (itf)
   L972
    LINENUMBER 2420 L972
    ALOAD 134
   L973
    GOTO L974
   L968
    LINENUMBER 2421 L968
    ALOAD 123
   L974
    LINENUMBER 2416 L974
    NOP
   L975
    LINENUMBER 2416 L975
    GOTO L976
   L976
    LINENUMBER 643 L976
    CHECKCAST kotlin/jvm/functions/Function0
    ASTORE 121
    ALOAD 118
    INVOKESTATIC androidx/compose/runtime/ComposerKt.sourceInformationMarkerEnd (Landroidx/compose/runtime/Composer;)V
    ALOAD 121
   L977
    LINENUMBER 644 L977
    GETSTATIC androidx/compose/ui/Modifier.Companion : Landroidx/compose/ui/Modifier$Companion;
    CHECKCAST androidx/compose/ui/Modifier
    BIPUSH 36
    ISTORE 121
   L978
    ICONST_0
    ISTORE 125
   L979
    LINENUMBER 2422 L979
    ILOAD 121
    I2F
    INVOKESTATIC androidx/compose/ui/unit/Dp.constructor-impl (F)F
    GOTO L980
   L980
    LINENUMBER 644 L980
    INVOKESTATIC androidx/compose/foundation/layout/SizeKt.size-3ABfNKs (Landroidx/compose/ui/Modifier;F)Landroidx/compose/ui/Modifier;
    ICONST_0
    ACONST_NULL
    ACONST_NULL
    ACONST_NULL
    GETSTATIC com/muddassir/clearview/todo/ui/ComposableSingletons$TodoEditorKt.INSTANCE : Lcom/muddassir/clearview/todo/ui/ComposableSingletons$TodoEditorKt;
    INVOKEVIRTUAL com/muddassir/clearview/todo/ui/ComposableSingletons$TodoEditorKt.getLambda$-172102299$app ()Lkotlin/jvm/functions/Function2;
    ALOAD 118
    LDC 1572918
    BIPUSH 60
   L981
    LINENUMBER 642 L981
    INVOKESTATIC androidx/compose/material3/IconButtonKt.IconButton (Lkotlin/jvm/functions/Function0;Landroidx/compose/ui/Modifier;ZLandroidx/compose/material3/IconButtonColors;Landroidx/compose/foundation/interaction/MutableInteractionSource;Landroidx/compose/ui/graphics/Shape;Lkotlin/jvm/functions/Function2;Landroidx/compose/runtime/Composer;II)V
    ALOAD 118
   L982
    LINENUMBER 612 L982
    INVOKESTATIC androidx/compose/runtime/ComposerKt.sourceInformationMarkerEnd (Landroidx/compose/runtime/Composer;)V
   L983
    LINENUMBER 652 L983
    GOTO L984
   L984
    GETSTATIC kotlin/Unit.INSTANCE : Lkotlin/Unit;
   L985
    LINENUMBER 2346 L985
    POP
    ALOAD 115
    INVOKESTATIC androidx/compose/runtime/ComposerKt.sourceInformationMarkerEnd (Landroidx/compose/runtime/Composer;)V
   L986
    LINENUMBER 2370 L986
    ALOAD 109
   L987
    LINENUMBER 2423 L987
    INVOKEINTERFACE androidx/compose/runtime/Composer.endNode ()V (itf)
    ALOAD 109
   L988
    LINENUMBER 2355 L988
    INVOKESTATIC androidx/compose/runtime/ComposerKt.sourceInformationMarkerEnd (Landroidx/compose/runtime/Composer;)V
   L989
    LINENUMBER 2424 L989
    NOP
   L990
    ALOAD 102
   L991
    LINENUMBER 2349 L991
    INVOKESTATIC androidx/compose/runtime/ComposerKt.sourceInformationMarkerEnd (Landroidx/compose/runtime/Composer;)V
   L992
    LINENUMBER 2425 L992
    NOP
   L993
    ALOAD 92
   L994
    LINENUMBER 2338 L994
    INVOKESTATIC androidx/compose/runtime/ComposerKt.sourceInformationMarkerEnd (Landroidx/compose/runtime/Composer;)V
   L995
    LINENUMBER 2426 L995
    GOTO L996
   L996
    LINENUMBER 653 L996
    GETSTATIC androidx/compose/ui/Modifier.Companion : Landroidx/compose/ui/Modifier$Companion;
    CHECKCAST androidx/compose/ui/Modifier
    BIPUSH 8
    ISTORE 90
   L997
    ICONST_0
    ISTORE 100
   L998
    LINENUMBER 2427 L998
    ILOAD 90
    I2F
    INVOKESTATIC androidx/compose/ui/unit/Dp.constructor-impl (F)F
    GOTO L999
   L999
    LINENUMBER 653 L999
    INVOKESTATIC androidx/compose/foundation/layout/SizeKt.height-3ABfNKs (Landroidx/compose/ui/Modifier;F)Landroidx/compose/ui/Modifier;
    ALOAD 85
    BIPUSH 6
    INVOKESTATIC androidx/compose/foundation/layout/SpacerKt.Spacer (Landroidx/compose/ui/Modifier;Landroidx/compose/runtime/Composer;I)V
    ALOAD 85
    LDC 365828194
    INVOKEINTERFACE androidx/compose/runtime/Composer.startReplaceGroup (I)V (itf)
    ALOAD 85
    LDC "*654@32036L1166,672@33235L29"
    INVOKESTATIC androidx/compose/runtime/ComposerKt.sourceInformation (Landroidx/compose/runtime/Composer;Ljava/lang/String;)V
   L1000
    LINENUMBER 654 L1000
    ALOAD 19
    INVOKESTATIC com/muddassir/clearview/todo/ui/TodoEditorKt.TodoEditorDialog$lambda$42 (Landroidx/compose/runtime/MutableState;)Ljava/util/List;
    CHECKCAST java/lang/Iterable
    ASTORE 90
   L1001
    ICONST_0
    ISTORE 100
   L1002
    LINENUMBER 2428 L1002
    ICONST_0
    ISTORE 91
   L1003
    LINENUMBER 2429 L1003
    ALOAD 90
    INVOKEINTERFACE java/lang/Iterable.iterator ()Ljava/util/Iterator; (itf)
    ASTORE 92
   L1004
    ALOAD 92
    INVOKEINTERFACE java/util/Iterator.hasNext ()Z (itf)
    IFEQ L1005
    ALOAD 92
    INVOKEINTERFACE java/util/Iterator.next ()Ljava/lang/Object; (itf)
    ASTORE 93
   L1006
    ILOAD 91
    IINC 91 1
    ISTORE 94
    ILOAD 94
    IFGE L1007
    INVOKESTATIC kotlin/collections/CollectionsKt.throwIndexOverflow ()V
   L1007
    ILOAD 94
    INVOKESTATIC java/lang/Integer.valueOf (I)Ljava/lang/Integer;
   L1008
    LINENUMBER 2429 L1008
    ALOAD 93
    CHECKCAST java/lang/Number
    INVOKEVIRTUAL java/lang/Number.intValue ()I
    ISTORE 95
    CHECKCAST java/lang/Number
    INVOKEVIRTUAL java/lang/Number.intValue ()I
    ISTORE 97
   L1009
    ICONST_0
    ISTORE 99
   L1010
    LINENUMBER 655 L1010
    GETSTATIC androidx/compose/ui/Alignment.Companion : Landroidx/compose/ui/Alignment$Companion;
    INVOKEVIRTUAL androidx/compose/ui/Alignment$Companion.getCenterVertically ()Landroidx/compose/ui/Alignment$Vertical;
    ASTORE 102
    ALOAD 85
    ASTORE 103
    SIPUSH 384
    ISTORE 104
   L1011
    ICONST_0
    ISTORE 105
   L1012
    ALOAD 103
    LDC 844473419
    LDC "CC(Row)N(modifier,horizontalArrangement,verticalAlignment,content)99@5125L58,100@5188L131:Row.kt#2w3rfo"
   L1013
    LINENUMBER 2430 L1013
    INVOKESTATIC androidx/compose/runtime/ComposerKt.sourceInformationMarkerStart (Landroidx/compose/runtime/Composer;ILjava/lang/String;)V
   L1014
    LINENUMBER 2431 L1014
    GETSTATIC androidx/compose/ui/Modifier.Companion : Landroidx/compose/ui/Modifier$Companion;
    CHECKCAST androidx/compose/ui/Modifier
    ASTORE 106
   L1015
    LINENUMBER 2432 L1015
    GETSTATIC androidx/compose/foundation/layout/Arrangement.INSTANCE : Landroidx/compose/foundation/layout/Arrangement;
    INVOKEVIRTUAL androidx/compose/foundation/layout/Arrangement.getStart ()Landroidx/compose/foundation/layout/Arrangement$Horizontal;
    ASTORE 107
   L1016
    LINENUMBER 2436 L1016
    ALOAD 107
    ALOAD 102
    ALOAD 103
    BIPUSH 14
    ILOAD 104
    ICONST_3
    ISHR
    IAND
    BIPUSH 112
    ILOAD 104
    ICONST_3
    ISHR
    IAND
    IOR
    INVOKESTATIC androidx/compose/foundation/layout/RowKt.rowMeasurePolicy (Landroidx/compose/foundation/layout/Arrangement$Horizontal;Landroidx/compose/ui/Alignment$Vertical;Landroidx/compose/runtime/Composer;I)Landroidx/compose/ui/layout/MeasurePolicy;
    ASTORE 108
   L1017
    LINENUMBER 2440 L1017
    ALOAD 106
    ASTORE 109
   L1018
    LINENUMBER 2439 L1018
    ALOAD 108
    ASTORE 110
    ALOAD 103
    ASTORE 111
    BIPUSH 112
    ILOAD 104
    ICONST_3
    ISHL
    IAND
    ISTORE 112
   L1019
    LINENUMBER 2437 L1019
    NOP
   L1020
    ICONST_0
    ISTORE 113
   L1021
    ALOAD 111
    LDC -1159599143
    LDC "CC(Layout)P(!1,2)81@3355L27,84@3521L416:Layout.kt#80mrfh"
   L1022
    LINENUMBER 2441 L1022
    INVOKESTATIC androidx/compose/runtime/ComposerKt.sourceInformationMarkerStart (Landroidx/compose/runtime/Composer;ILjava/lang/String;)V
   L1023
    LINENUMBER 2442 L1023
    ALOAD 111
    ICONST_0
    INVOKESTATIC androidx/compose/runtime/ComposablesKt.getCurrentCompositeKeyHashCode (Landroidx/compose/runtime/Composer;I)J
    INVOKESTATIC java/lang/Long.hashCode (J)I
    ISTORE 114
   L1024
    ALOAD 111
   L1025
    LINENUMBER 2443 L1025
    INVOKEINTERFACE androidx/compose/runtime/Composer.getCurrentCompositionLocalMap ()Landroidx/compose/runtime/CompositionLocalMap; (itf)
    ASTORE 115
   L1026
    ALOAD 111
   L1027
    LINENUMBER 2444 L1027
    ALOAD 109
    INVOKESTATIC androidx/compose/ui/ComposedModifierKt.materializeModifier (Landroidx/compose/runtime/Composer;Landroidx/compose/ui/Modifier;)Landroidx/compose/ui/Modifier;
    ASTORE 116
   L1028
    LINENUMBER 2446 L1028
    GETSTATIC androidx/compose/ui/node/ComposeUiNode.Companion : Landroidx/compose/ui/node/ComposeUiNode$Companion;
    INVOKEVIRTUAL androidx/compose/ui/node/ComposeUiNode$Companion.getConstructor ()Lkotlin/jvm/functions/Function0;
    ASTORE 117
    ALOAD 111
    ASTORE 118
    BIPUSH 6
    SIPUSH 896
    ILOAD 112
    BIPUSH 6
    ISHL
    IAND
    IOR
    ISTORE 119
   L1029
    LINENUMBER 2445 L1029
    NOP
   L1030
    ICONST_0
    ISTORE 120
   L1031
    ALOAD 118
    LDC -553112988
    LDC "CC(ReusableComposeNode)N(factory,update,content)399@15590L9:Composables.kt#9igjgp"
   L1032
    LINENUMBER 2447 L1032
    INVOKESTATIC androidx/compose/runtime/ComposerKt.sourceInformationMarkerStart (Landroidx/compose/runtime/Composer;ILjava/lang/String;)V
   L1033
    LINENUMBER 2448 L1033
    ALOAD 118
    INVOKEINTERFACE androidx/compose/runtime/Composer.getApplier ()Landroidx/compose/runtime/Applier; (itf)
    INSTANCEOF androidx/compose/runtime/Applier
    IFNE L1034
    INVOKESTATIC androidx/compose/runtime/ComposablesKt.invalidApplier ()V
   L1034
    ALOAD 118
   L1035
    LINENUMBER 2449 L1035
    INVOKEINTERFACE androidx/compose/runtime/Composer.startReusableNode ()V (itf)
   L1036
    LINENUMBER 2450 L1036
    ALOAD 118
    INVOKEINTERFACE androidx/compose/runtime/Composer.getInserting ()Z (itf)
    IFEQ L1037
    ALOAD 118
   L1038
    LINENUMBER 2451 L1038
    ALOAD 117
    INVOKEINTERFACE androidx/compose/runtime/Composer.createNode (Lkotlin/jvm/functions/Function0;)V (itf)
    GOTO L1039
   L1037
    ALOAD 118
   L1040
    LINENUMBER 2453 L1040
    INVOKEINTERFACE androidx/compose/runtime/Composer.useNode ()V (itf)
   L1039
    LINENUMBER 2455 L1039
    ALOAD 118
    INVOKESTATIC androidx/compose/runtime/Updater.constructor-impl (Landroidx/compose/runtime/Composer;)Landroidx/compose/runtime/Composer;
    ASTORE 121
   L1041
    ICONST_0
    ISTORE 122
   L1042
    LINENUMBER 2456 L1042
    ALOAD 121
    ALOAD 110
    GETSTATIC androidx/compose/ui/node/ComposeUiNode.Companion : Landroidx/compose/ui/node/ComposeUiNode$Companion;
    INVOKEVIRTUAL androidx/compose/ui/node/ComposeUiNode$Companion.getSetMeasurePolicy ()Lkotlin/jvm/functions/Function2;
    INVOKESTATIC androidx/compose/runtime/Updater.set-impl (Landroidx/compose/runtime/Composer;Ljava/lang/Object;Lkotlin/jvm/functions/Function2;)V
   L1043
    LINENUMBER 2457 L1043
    ALOAD 121
    ALOAD 115
    GETSTATIC androidx/compose/ui/node/ComposeUiNode.Companion : Landroidx/compose/ui/node/ComposeUiNode$Companion;
    INVOKEVIRTUAL androidx/compose/ui/node/ComposeUiNode$Companion.getSetResolvedCompositionLocals ()Lkotlin/jvm/functions/Function2;
    INVOKESTATIC androidx/compose/runtime/Updater.set-impl (Landroidx/compose/runtime/Composer;Ljava/lang/Object;Lkotlin/jvm/functions/Function2;)V
   L1044
    LINENUMBER 2458 L1044
    ALOAD 121
    ILOAD 114
    INVOKESTATIC java/lang/Integer.valueOf (I)Ljava/lang/Integer;
    GETSTATIC androidx/compose/ui/node/ComposeUiNode.Companion : Landroidx/compose/ui/node/ComposeUiNode$Companion;
    INVOKEVIRTUAL androidx/compose/ui/node/ComposeUiNode$Companion.getSetCompositeKeyHash ()Lkotlin/jvm/functions/Function2;
    INVOKESTATIC androidx/compose/runtime/Updater.init-impl (Landroidx/compose/runtime/Composer;Ljava/lang/Object;Lkotlin/jvm/functions/Function2;)V
   L1045
    LINENUMBER 2459 L1045
    ALOAD 121
    GETSTATIC androidx/compose/ui/node/ComposeUiNode.Companion : Landroidx/compose/ui/node/ComposeUiNode$Companion;
    INVOKEVIRTUAL androidx/compose/ui/node/ComposeUiNode$Companion.getApplyOnDeactivatedNodeAssertion ()Lkotlin/jvm/functions/Function1;
    INVOKESTATIC androidx/compose/runtime/Updater.reconcile-impl (Landroidx/compose/runtime/Composer;Lkotlin/jvm/functions/Function1;)V
   L1046
    LINENUMBER 2460 L1046
    ALOAD 121
    ALOAD 116
    GETSTATIC androidx/compose/ui/node/ComposeUiNode.Companion : Landroidx/compose/ui/node/ComposeUiNode$Companion;
    INVOKEVIRTUAL androidx/compose/ui/node/ComposeUiNode$Companion.getSetModifier ()Lkotlin/jvm/functions/Function2;
    INVOKESTATIC androidx/compose/runtime/Updater.set-impl (Landroidx/compose/runtime/Composer;Ljava/lang/Object;Lkotlin/jvm/functions/Function2;)V
   L1047
    LINENUMBER 2461 L1047
    NOP
   L1048
    LINENUMBER 2455 L1048
    NOP
   L1049
    LINENUMBER 2462 L1049
    ALOAD 118
    BIPUSH 14
    ILOAD 119
    BIPUSH 6
    ISHR
    IAND
    ISTORE 123
    ASTORE 124
   L1050
    ICONST_0
    ISTORE 125
   L1051
    ALOAD 124
    LDC 1456264949
    LDC "C101@5233L9:Row.kt#2w3rfo"
   L1052
    LINENUMBER 2438 L1052
    INVOKESTATIC androidx/compose/runtime/ComposerKt.sourceInformationMarkerStart (Landroidx/compose/runtime/Composer;ILjava/lang/String;)V
    GETSTATIC androidx/compose/foundation/layout/RowScopeInstance.INSTANCE : Landroidx/compose/foundation/layout/RowScopeInstance;
    ALOAD 124
    BIPUSH 6
    BIPUSH 112
    ILOAD 104
    BIPUSH 6
    ISHR
    IAND
    IOR
    INVOKESTATIC java/lang/Integer.valueOf (I)Ljava/lang/Integer;
    CHECKCAST java/lang/Number
    INVOKEVIRTUAL java/lang/Number.intValue ()I
    ISTORE 126
    CHECKCAST androidx/compose/runtime/Composer
    ASTORE 133
    CHECKCAST androidx/compose/foundation/layout/RowScope
    ASTORE 134
   L1053
    ICONST_0
    ISTORE 135
   L1054
    ALOAD 133
    LDC 833210320
    LDC "C656@32192L43,658@32346L146,655@32126L366,661@32550L146,661@32529L639:TodoEditor.kt#sr0y55"
   L1055
    LINENUMBER 656 L1055
    INVOKESTATIC androidx/compose/runtime/ComposerKt.sourceInformationMarkerStart (Landroidx/compose/runtime/Composer;ILjava/lang/String;)V
    ALOAD 133
    LDC -1220047124
    LDC "CC(remember):TodoEditor.kt#9igjgp"
   L1056
    LINENUMBER 657 L1056
    INVOKESTATIC androidx/compose/runtime/ComposerKt.sourceInformationMarkerStart (Landroidx/compose/runtime/Composer;ILjava/lang/String;)V
    ALOAD 133
    ASTORE 136
    ALOAD 133
    ILOAD 97
    INVOKEINTERFACE androidx/compose/runtime/Composer.changed (I)Z (itf)
    ISTORE 137
   L1057
    ICONST_0
    ISTORE 138
   L1058
    LINENUMBER 2463 L1058
    ALOAD 136
    INVOKEINTERFACE androidx/compose/runtime/Composer.rememberedValue ()Ljava/lang/Object; (itf)
    ASTORE 139
   L1059
    ICONST_0
    ISTORE 140
   L1060
    LINENUMBER 2464 L1060
    ILOAD 137
    IFNE L1061
    ALOAD 139
    GETSTATIC androidx/compose/runtime/Composer.Companion : Landroidx/compose/runtime/Composer$Companion;
    INVOKEVIRTUAL androidx/compose/runtime/Composer$Companion.getEmpty ()Ljava/lang/Object;
    IF_ACMPNE L1062
   L1061
    LINENUMBER 2465 L1061
    ICONST_0
    ISTORE 141
   L1063
    LINENUMBER 657 L1063
    ILOAD 97
    ALOAD 24
    INVOKEDYNAMIC invoke(ILandroidx/compose/runtime/MutableState;)Lkotlin/jvm/functions/Function0; [
      // handle kind 0x6 : INVOKESTATIC
      java/lang/invoke/LambdaMetafactory.metafactory(Ljava/lang/invoke/MethodHandles$Lookup;Ljava/lang/String;Ljava/lang/invoke/MethodType;Ljava/lang/invoke/MethodType;Ljava/lang/invoke/MethodHandle;Ljava/lang/invoke/MethodType;)Ljava/lang/invoke/CallSite;
      // arguments:
      ()Ljava/lang/Object;, 
      // handle kind 0x6 : INVOKESTATIC
      com/muddassir/clearview/todo/ui/TodoEditorKt.TodoEditorDialog$lambda$151$lambda$150$lambda$149$lambda$147$lambda$132$lambda$131$lambda$126$lambda$125(ILandroidx/compose/runtime/MutableState;)Lkotlin/Unit;, 
      ()Lkotlin/Unit;
    ]
    GOTO L1064
   L1064
    LINENUMBER 2465 L1064
    ASTORE 142
   L1065
    LINENUMBER 2466 L1065
    ALOAD 136
    ALOAD 142
    INVOKEINTERFACE androidx/compose/runtime/Composer.updateRememberedValue (Ljava/lang/Object;)V (itf)
   L1066
    LINENUMBER 2467 L1066
    ALOAD 142
   L1067
    GOTO L1068
   L1062
    LINENUMBER 2468 L1062
    ALOAD 139
   L1068
    LINENUMBER 2463 L1068
    NOP
   L1069
    LINENUMBER 2463 L1069
    GOTO L1070
   L1070
    LINENUMBER 657 L1070
    CHECKCAST kotlin/jvm/functions/Function0
    ASTORE 143
    ALOAD 133
    INVOKESTATIC androidx/compose/runtime/ComposerKt.sourceInformationMarkerEnd (Landroidx/compose/runtime/Composer;)V
    ALOAD 143
   L1071
    LINENUMBER 658 L1071
    ALOAD 134
    GETSTATIC androidx/compose/ui/Modifier.Companion : Landroidx/compose/ui/Modifier$Companion;
    CHECKCAST androidx/compose/ui/Modifier
    FCONST_1
    ICONST_0
    ICONST_2
    ACONST_NULL
    INVOKESTATIC androidx/compose/foundation/layout/RowScope.weight$default (Landroidx/compose/foundation/layout/RowScope;Landroidx/compose/ui/Modifier;FZILjava/lang/Object;)Landroidx/compose/ui/Modifier; (itf)
    ICONST_0
    ACONST_NULL
    ACONST_NULL
    ACONST_NULL
    ACONST_NULL
    ACONST_NULL
    ACONST_NULL
   L1072
    LINENUMBER 659 L1072
    LDC -51395213
    ICONST_1
    ILOAD 95
    INVOKEDYNAMIC invoke(I)Lkotlin/jvm/functions/Function3; [
      // handle kind 0x6 : INVOKESTATIC
      java/lang/invoke/LambdaMetafactory.metafactory(Ljava/lang/invoke/MethodHandles$Lookup;Ljava/lang/String;Ljava/lang/invoke/MethodType;Ljava/lang/invoke/MethodType;Ljava/lang/invoke/MethodHandle;Ljava/lang/invoke/MethodType;)Ljava/lang/invoke/CallSite;
      // arguments:
      (Ljava/lang/Object;Ljava/lang/Object;Ljava/lang/Object;)Ljava/lang/Object;, 
      // handle kind 0x6 : INVOKESTATIC
      com/muddassir/clearview/todo/ui/TodoEditorKt.TodoEditorDialog$lambda$151$lambda$150$lambda$149$lambda$147$lambda$132$lambda$131$lambda$127(ILandroidx/compose/foundation/layout/RowScope;Landroidx/compose/runtime/Composer;I)Lkotlin/Unit;, 
      (Landroidx/compose/foundation/layout/RowScope;Landroidx/compose/runtime/Composer;Ljava/lang/Integer;)Lkotlin/Unit;
    ]
    ALOAD 133
    BIPUSH 54
    INVOKESTATIC androidx/compose/runtime/internal/ComposableLambdaKt.rememberComposableLambda (IZLjava/lang/Object;Landroidx/compose/runtime/Composer;I)Landroidx/compose/runtime/internal/ComposableLambda;
    CHECKCAST kotlin/jvm/functions/Function3
    ALOAD 133
    LDC 805306368
    SIPUSH 508
   L1073
    LINENUMBER 656 L1073
    INVOKESTATIC androidx/compose/material3/ButtonKt.OutlinedButton (Lkotlin/jvm/functions/Function0;Landroidx/compose/ui/Modifier;ZLandroidx/compose/ui/graphics/Shape;Landroidx/compose/material3/ButtonColors;Landroidx/compose/material3/ButtonElevation;Landroidx/compose/foundation/BorderStroke;Landroidx/compose/foundation/layout/PaddingValues;Landroidx/compose/foundation/interaction/MutableInteractionSource;Lkotlin/jvm/functions/Function3;Landroidx/compose/runtime/Composer;II)V
    ALOAD 133
    LDC -1220035565
    LDC "CC(remember):TodoEditor.kt#9igjgp"
   L1074
    LINENUMBER 662 L1074
    INVOKESTATIC androidx/compose/runtime/ComposerKt.sourceInformationMarkerStart (Landroidx/compose/runtime/Composer;ILjava/lang/String;)V
    ALOAD 133
    ASTORE 136
    ALOAD 133
    ILOAD 97
    INVOKEINTERFACE androidx/compose/runtime/Composer.changed (I)Z (itf)
    ISTORE 137
   L1075
    ICONST_0
    ISTORE 138
   L1076
    LINENUMBER 2469 L1076
    ALOAD 136
    INVOKEINTERFACE androidx/compose/runtime/Composer.rememberedValue ()Ljava/lang/Object; (itf)
    ASTORE 139
   L1077
    ICONST_0
    ISTORE 140
   L1078
    LINENUMBER 2470 L1078
    ILOAD 137
    IFNE L1079
    ALOAD 139
    GETSTATIC androidx/compose/runtime/Composer.Companion : Landroidx/compose/runtime/Composer$Companion;
    INVOKEVIRTUAL androidx/compose/runtime/Composer$Companion.getEmpty ()Ljava/lang/Object;
    IF_ACMPNE L1080
   L1079
    LINENUMBER 2471 L1079
    ICONST_0
    ISTORE 141
   L1081
    LINENUMBER 662 L1081
    ALOAD 19
    ILOAD 97
    INVOKEDYNAMIC invoke(Landroidx/compose/runtime/MutableState;I)Lkotlin/jvm/functions/Function0; [
      // handle kind 0x6 : INVOKESTATIC
      java/lang/invoke/LambdaMetafactory.metafactory(Ljava/lang/invoke/MethodHandles$Lookup;Ljava/lang/String;Ljava/lang/invoke/MethodType;Ljava/lang/invoke/MethodType;Ljava/lang/invoke/MethodHandle;Ljava/lang/invoke/MethodType;)Ljava/lang/invoke/CallSite;
      // arguments:
      ()Ljava/lang/Object;, 
      // handle kind 0x6 : INVOKESTATIC
      com/muddassir/clearview/todo/ui/TodoEditorKt.TodoEditorDialog$lambda$151$lambda$150$lambda$149$lambda$147$lambda$132$lambda$131$lambda$130$lambda$129(Landroidx/compose/runtime/MutableState;I)Lkotlin/Unit;, 
      ()Lkotlin/Unit;
    ]
    GOTO L1082
   L1082
    LINENUMBER 2471 L1082
    ASTORE 142
   L1083
    LINENUMBER 2472 L1083
    ALOAD 136
    ALOAD 142
    INVOKEINTERFACE androidx/compose/runtime/Composer.updateRememberedValue (Ljava/lang/Object;)V (itf)
   L1084
    LINENUMBER 2473 L1084
    ALOAD 142
   L1085
    GOTO L1086
   L1080
    LINENUMBER 2474 L1080
    ALOAD 139
   L1086
    LINENUMBER 2469 L1086
    NOP
   L1087
    LINENUMBER 2469 L1087
    GOTO L1088
   L1088
    LINENUMBER 662 L1088
    CHECKCAST kotlin/jvm/functions/Function0
    ASTORE 143
    ALOAD 133
    INVOKESTATIC androidx/compose/runtime/ComposerKt.sourceInformationMarkerEnd (Landroidx/compose/runtime/Composer;)V
    ALOAD 143
    ACONST_NULL
    ICONST_0
    ACONST_NULL
    ACONST_NULL
    ACONST_NULL
    GETSTATIC com/muddassir/clearview/todo/ui/ComposableSingletons$TodoEditorKt.INSTANCE : Lcom/muddassir/clearview/todo/ui/ComposableSingletons$TodoEditorKt;
    INVOKEVIRTUAL com/muddassir/clearview/todo/ui/ComposableSingletons$TodoEditorKt.getLambda$687865375$app ()Lkotlin/jvm/functions/Function2;
    ALOAD 133
    LDC 1572864
    BIPUSH 62
    INVOKESTATIC androidx/compose/material3/IconButtonKt.IconButton (Lkotlin/jvm/functions/Function0;Landroidx/compose/ui/Modifier;ZLandroidx/compose/material3/IconButtonColors;Landroidx/compose/foundation/interaction/MutableInteractionSource;Landroidx/compose/ui/graphics/Shape;Lkotlin/jvm/functions/Function2;Landroidx/compose/runtime/Composer;II)V
    ALOAD 133
   L1089
    LINENUMBER 656 L1089
    INVOKESTATIC androidx/compose/runtime/ComposerKt.sourceInformationMarkerEnd (Landroidx/compose/runtime/Composer;)V
   L1090
    LINENUMBER 672 L1090
    GOTO L1091
   L1091
    GETSTATIC kotlin/Unit.INSTANCE : Lkotlin/Unit;
   L1092
    LINENUMBER 2438 L1092
    POP
    ALOAD 124
    INVOKESTATIC androidx/compose/runtime/ComposerKt.sourceInformationMarkerEnd (Landroidx/compose/runtime/Composer;)V
   L1093
    LINENUMBER 2462 L1093
    ALOAD 118
   L1094
    LINENUMBER 2475 L1094
    INVOKEINTERFACE androidx/compose/runtime/Composer.endNode ()V (itf)
    ALOAD 118
   L1095
    LINENUMBER 2447 L1095
    INVOKESTATIC androidx/compose/runtime/ComposerKt.sourceInformationMarkerEnd (Landroidx/compose/runtime/Composer;)V
   L1096
    LINENUMBER 2476 L1096
    NOP
   L1097
    ALOAD 111
   L1098
    LINENUMBER 2441 L1098
    INVOKESTATIC androidx/compose/runtime/ComposerKt.sourceInformationMarkerEnd (Landroidx/compose/runtime/Composer;)V
   L1099
    LINENUMBER 2477 L1099
    NOP
   L1100
    ALOAD 103
   L1101
    LINENUMBER 2430 L1101
    INVOKESTATIC androidx/compose/runtime/ComposerKt.sourceInformationMarkerEnd (Landroidx/compose/runtime/Composer;)V
   L1102
    LINENUMBER 2478 L1102
    GOTO L1103
   L1103
    LINENUMBER 673 L1103
    GETSTATIC androidx/compose/ui/Modifier.Companion : Landroidx/compose/ui/Modifier$Companion;
    CHECKCAST androidx/compose/ui/Modifier
    ICONST_4
    ISTORE 106
   L1104
    ICONST_0
    ISTORE 107
   L1105
    LINENUMBER 2479 L1105
    ILOAD 106
    I2F
    INVOKESTATIC androidx/compose/ui/unit/Dp.constructor-impl (F)F
    GOTO L1106
   L1106
    LINENUMBER 673 L1106
    INVOKESTATIC androidx/compose/foundation/layout/SizeKt.height-3ABfNKs (Landroidx/compose/ui/Modifier;F)Landroidx/compose/ui/Modifier;
    ALOAD 85
    BIPUSH 6
    INVOKESTATIC androidx/compose/foundation/layout/SpacerKt.Spacer (Landroidx/compose/ui/Modifier;Landroidx/compose/runtime/Composer;I)V
   L1107
    LINENUMBER 674 L1107
    GOTO L1108
   L1108
    GETSTATIC kotlin/Unit.INSTANCE : Lkotlin/Unit;
   L1109
    LINENUMBER 2429 L1109
    POP
   L1110
    GOTO L1004
   L1005
    LINENUMBER 2480 L1005
    GOTO L1111
   L1111
    ALOAD 85
    INVOKEINTERFACE androidx/compose/runtime/Composer.endReplaceGroup ()V (itf)
   L1112
    LINENUMBER 675 L1112
    ALOAD 19
    INVOKESTATIC com/muddassir/clearview/todo/ui/TodoEditorKt.TodoEditorDialog$lambda$42 (Landroidx/compose/runtime/MutableState;)Ljava/util/List;
    INVOKEINTERFACE java/util/List.size ()I (itf)
    BIPUSH 6
    IF_ICMPGE L1113
    ALOAD 85
    LDC -1542880271
    INVOKEINTERFACE androidx/compose/runtime/Composer.startReplaceGroup (I)V (itf)
    ALOAD 85
    LDC "676@33443L26,675@33385L508"
    INVOKESTATIC androidx/compose/runtime/ComposerKt.sourceInformation (Landroidx/compose/runtime/Composer;Ljava/lang/String;)V
    ALOAD 85
    LDC 365874063
    LDC "CC(remember):TodoEditor.kt#9igjgp"
   L1114
    LINENUMBER 677 L1114
    INVOKESTATIC androidx/compose/runtime/ComposerKt.sourceInformationMarkerStart (Landroidx/compose/runtime/Composer;ILjava/lang/String;)V
    ALOAD 85
    ASTORE 100
    ICONST_0
    ISTORE 91
   L1115
    ICONST_0
    ISTORE 92
   L1116
    LINENUMBER 2481 L1116
    ALOAD 100
    INVOKEINTERFACE androidx/compose/runtime/Composer.rememberedValue ()Ljava/lang/Object; (itf)
    ASTORE 93
   L1117
    ICONST_0
    ISTORE 94
   L1118
    LINENUMBER 2482 L1118
    ILOAD 91
    IFNE L1119
    ALOAD 93
    GETSTATIC androidx/compose/runtime/Composer.Companion : Landroidx/compose/runtime/Composer$Companion;
    INVOKEVIRTUAL androidx/compose/runtime/Composer$Companion.getEmpty ()Ljava/lang/Object;
    IF_ACMPNE L1120
   L1119
    LINENUMBER 2483 L1119
    ICONST_0
    ISTORE 95
   L1121
    LINENUMBER 677 L1121
    ALOAD 19
    ALOAD 20
    ALOAD 21
    INVOKEDYNAMIC invoke(Landroidx/compose/runtime/MutableState;Landroidx/compose/runtime/MutableState;Landroidx/compose/runtime/MutableState;)Lkotlin/jvm/functions/Function0; [
      // handle kind 0x6 : INVOKESTATIC
      java/lang/invoke/LambdaMetafactory.metafactory(Ljava/lang/invoke/MethodHandles$Lookup;Ljava/lang/String;Ljava/lang/invoke/MethodType;Ljava/lang/invoke/MethodType;Ljava/lang/invoke/MethodHandle;Ljava/lang/invoke/MethodType;)Ljava/lang/invoke/CallSite;
      // arguments:
      ()Ljava/lang/Object;, 
      // handle kind 0x6 : INVOKESTATIC
      com/muddassir/clearview/todo/ui/TodoEditorKt.TodoEditorDialog$lambda$151$lambda$150$lambda$149$lambda$147$lambda$134$lambda$133(Landroidx/compose/runtime/MutableState;Landroidx/compose/runtime/MutableState;Landroidx/compose/runtime/MutableState;)Lkotlin/Unit;, 
      ()Lkotlin/Unit;
    ]
    GOTO L1122
   L1122
    LINENUMBER 2483 L1122
    ASTORE 97
   L1123
    LINENUMBER 2484 L1123
    ALOAD 100
    ALOAD 97
    INVOKEINTERFACE androidx/compose/runtime/Composer.updateRememberedValue (Ljava/lang/Object;)V (itf)
   L1124
    LINENUMBER 2485 L1124
    ALOAD 97
   L1125
    GOTO L1126
   L1120
    LINENUMBER 2486 L1120
    ALOAD 93
   L1126
    LINENUMBER 2481 L1126
    NOP
   L1127
    LINENUMBER 2481 L1127
    GOTO L1128
   L1128
    LINENUMBER 677 L1128
    CHECKCAST kotlin/jvm/functions/Function0
    ASTORE 90
    ALOAD 85
    INVOKESTATIC androidx/compose/runtime/ComposerKt.sourceInformationMarkerEnd (Landroidx/compose/runtime/Composer;)V
    ALOAD 90
   L1129
    LINENUMBER 678 L1129
    ALOAD 86
    GETSTATIC androidx/compose/ui/Modifier.Companion : Landroidx/compose/ui/Modifier$Companion;
    CHECKCAST androidx/compose/ui/Modifier
    GETSTATIC androidx/compose/ui/Alignment.Companion : Landroidx/compose/ui/Alignment$Companion;
    INVOKEVIRTUAL androidx/compose/ui/Alignment$Companion.getStart ()Landroidx/compose/ui/Alignment$Horizontal;
    INVOKEINTERFACE androidx/compose/foundation/layout/ColumnScope.align (Landroidx/compose/ui/Modifier;Landroidx/compose/ui/Alignment$Horizontal;)Landroidx/compose/ui/Modifier; (itf)
    ICONST_0
    ACONST_NULL
    ACONST_NULL
    ACONST_NULL
    ACONST_NULL
    ACONST_NULL
    ACONST_NULL
    GETSTATIC com/muddassir/clearview/todo/ui/ComposableSingletons$TodoEditorKt.INSTANCE : Lcom/muddassir/clearview/todo/ui/ComposableSingletons$TodoEditorKt;
    INVOKEVIRTUAL com/muddassir/clearview/todo/ui/ComposableSingletons$TodoEditorKt.getLambda$136125053$app ()Lkotlin/jvm/functions/Function3;
    ALOAD 85
    LDC 805306374
    SIPUSH 508
   L1130
    LINENUMBER 676 L1130
    INVOKESTATIC androidx/compose/material3/ButtonKt.TextButton (Lkotlin/jvm/functions/Function0;Landroidx/compose/ui/Modifier;ZLandroidx/compose/ui/graphics/Shape;Landroidx/compose/material3/ButtonColors;Landroidx/compose/material3/ButtonElevation;Landroidx/compose/foundation/BorderStroke;Landroidx/compose/foundation/layout/PaddingValues;Landroidx/compose/foundation/interaction/MutableInteractionSource;Lkotlin/jvm/functions/Function3;Landroidx/compose/runtime/Composer;II)V
   L1131
    LINENUMBER 675 L1131
    ALOAD 85
    INVOKEINTERFACE androidx/compose/runtime/Composer.endReplaceGroup ()V (itf)
    GOTO L1132
   L1113
    ALOAD 85
    LDC -1575983187
    INVOKEINTERFACE androidx/compose/runtime/Composer.startReplaceGroup (I)V (itf)
    ALOAD 85
    INVOKEINTERFACE androidx/compose/runtime/Composer.endReplaceGroup ()V (itf)
   L1132
    LINENUMBER 568 L1132
    ALOAD 85
    INVOKEINTERFACE androidx/compose/runtime/Composer.endReplaceGroup ()V (itf)
    GETSTATIC kotlin/Unit.INSTANCE : Lkotlin/Unit;
    GOTO L534
   L533
    LINENUMBER 554 L533
    ALOAD 85
    LDC 365641879
    INVOKEINTERFACE androidx/compose/runtime/Composer.startReplaceGroup (I)V (itf)
    ALOAD 85
    INVOKEINTERFACE androidx/compose/runtime/Composer.endReplaceGroup ()V (itf)
    NEW kotlin/NoWhenBranchMatchedException
    DUP
    INVOKESPECIAL kotlin/NoWhenBranchMatchedException.<init> ()V
    ATHROW
   L534
    POP
   L1133
    LINENUMBER 692 L1133
    ALOAD 18
    INVOKESTATIC com/muddassir/clearview/todo/ui/TodoEditorKt.TodoEditorDialog$lambda$36 (Landroidx/compose/runtime/MutableState;)Lcom/muddassir/clearview/todo/ui/TimeChoice;
    GETSTATIC com/muddassir/clearview/todo/ui/TimeChoice.RANGE : Lcom/muddassir/clearview/todo/ui/TimeChoice;
    IF_ACMPEQ L1134
   L1135
    LINENUMBER 693 L1135
    ALOAD 18
    INVOKESTATIC com/muddassir/clearview/todo/ui/TodoEditorKt.TodoEditorDialog$lambda$36 (Landroidx/compose/runtime/MutableState;)Lcom/muddassir/clearview/todo/ui/TimeChoice;
    GETSTATIC com/muddassir/clearview/todo/ui/TimeChoice.SINGLE : Lcom/muddassir/clearview/todo/ui/TimeChoice;
    IF_ACMPNE L1136
    ALOAD 23
    INVOKESTATIC com/muddassir/clearview/todo/ui/TodoEditorKt.TodoEditorDialog$lambda$27 (Landroidx/compose/runtime/MutableState;)Ljava/lang/Integer;
    IFNULL L1136
   L1134
    LINENUMBER 694 L1134
    ALOAD 85
    LDC -1541811980
    INVOKEINTERFACE androidx/compose/runtime/Composer.startReplaceGroup (I)V (itf)
    ALOAD 85
    LDC "696@34541L44,694@34421L190,713@35418L22,714@35470L75,711@35329L242,720@35793L45,721@35878L19,722@35942L30,716@35596L402"
    INVOKESTATIC androidx/compose/runtime/ComposerKt.sourceInformation (Landroidx/compose/runtime/Composer;Ljava/lang/String;)V
   L1137
    LINENUMBER 696 L1137
    GETSTATIC androidx/compose/material/icons/Icons$Filled.INSTANCE : Landroidx/compose/material/icons/Icons$Filled;
    INVOKESTATIC androidx/compose/material/icons/filled/NotificationsActiveKt.getNotificationsActive (Landroidx/compose/material/icons/Icons$Filled;)Landroidx/compose/ui/graphics/vector/ImageVector;
   L1138
    LINENUMBER 697 L1138
    GETSTATIC com/muddassir/clearview/R$string.todo_section_remind : I
    ALOAD 85
    ICONST_0
    INVOKESTATIC androidx/compose/ui/res/StringResources_androidKt.stringResource (ILandroidx/compose/runtime/Composer;I)Ljava/lang/String;
    ICONST_0
    ALOAD 85
    ICONST_0
    ICONST_4
   L1139
    LINENUMBER 695 L1139
    INVOKESTATIC com/muddassir/clearview/todo/ui/TodoEditorKt.SectionHeader (Landroidx/compose/ui/graphics/vector/ImageVector;Ljava/lang/String;ZLandroidx/compose/runtime/Composer;II)V
   L1140
    LINENUMBER 699 L1140
    ALOAD 18
    INVOKESTATIC com/muddassir/clearview/todo/ui/TodoEditorKt.TodoEditorDialog$lambda$36 (Landroidx/compose/runtime/MutableState;)Lcom/muddassir/clearview/todo/ui/TimeChoice;
    GETSTATIC com/muddassir/clearview/todo/ui/TimeChoice.SINGLE : Lcom/muddassir/clearview/todo/ui/TimeChoice;
    IF_ACMPNE L1141
   L1142
    LINENUMBER 700 L1142
    ALOAD 26
    INVOKESTATIC com/muddassir/clearview/todo/ui/TodoEditorKt.TodoEditorDialog$lambda$45 (Landroidx/compose/runtime/MutableState;)Lcom/muddassir/clearview/todo/ui/ReminderStyle;
    GETSTATIC com/muddassir/clearview/todo/ui/ReminderStyle.OFF : Lcom/muddassir/clearview/todo/ui/ReminderStyle;
    IF_ACMPEQ L1141
   L1143
    LINENUMBER 701 L1143
    ALOAD 85
    LDC -1541479567
    INVOKEINTERFACE androidx/compose/runtime/Composer.startReplaceGroup (I)V (itf)
    ALOAD 85
    LDC "702@34839L189,706@35084L10,707@35162L11,701@34794L426,709@35249L29"
    INVOKESTATIC androidx/compose/runtime/ComposerKt.sourceInformation (Landroidx/compose/runtime/Composer;Ljava/lang/String;)V
   L1144
    LINENUMBER 704 L1144
    GETSTATIC com/muddassir/clearview/R$string.todo_reminder_at_label : I
   L1145
    LINENUMBER 705 L1145
    ICONST_1
    ANEWARRAY java/lang/Object
    ASTORE 89
    ALOAD 89
    ICONST_0
    GETSTATIC com/muddassir/clearview/todo/data/TodoCodec.INSTANCE : Lcom/muddassir/clearview/todo/data/TodoCodec;
    ALOAD 23
    INVOKESTATIC com/muddassir/clearview/todo/ui/TodoEditorKt.TodoEditorDialog$lambda$27 (Landroidx/compose/runtime/MutableState;)Ljava/lang/Integer;
    DUP
    INVOKESTATIC kotlin/jvm/internal/Intrinsics.checkNotNull (Ljava/lang/Object;)V
    INVOKEVIRTUAL java/lang/Integer.intValue ()I
    INVOKEVIRTUAL com/muddassir/clearview/todo/data/TodoCodec.timeLabel (I)Ljava/lang/String;
    AASTORE
    ALOAD 89
    ALOAD 85
    ICONST_0
   L1146
    LINENUMBER 703 L1146
    INVOKESTATIC androidx/compose/ui/res/StringResources_androidKt.stringResource (I[Ljava/lang/Object;Landroidx/compose/runtime/Composer;I)Ljava/lang/String;
    ASTORE 88
   L1147
    LINENUMBER 707 L1147
    GETSTATIC androidx/compose/material3/MaterialTheme.INSTANCE : Landroidx/compose/material3/MaterialTheme;
    ALOAD 85
    GETSTATIC androidx/compose/material3/MaterialTheme.$stable : I
    INVOKEVIRTUAL androidx/compose/material3/MaterialTheme.getTypography (Landroidx/compose/runtime/Composer;I)Landroidx/compose/material3/Typography;
    INVOKEVIRTUAL androidx/compose/material3/Typography.getLabelMedium ()Landroidx/compose/ui/text/TextStyle;
    ASTORE 89
   L1148
    LINENUMBER 708 L1148
    GETSTATIC androidx/compose/material3/MaterialTheme.INSTANCE : Landroidx/compose/material3/MaterialTheme;
    ALOAD 85
    GETSTATIC androidx/compose/material3/MaterialTheme.$stable : I
    INVOKEVIRTUAL androidx/compose/material3/MaterialTheme.getColorScheme (Landroidx/compose/runtime/Composer;I)Landroidx/compose/material3/ColorScheme;
    INVOKEVIRTUAL androidx/compose/material3/ColorScheme.getOnSurfaceVariant-0d7_KjU ()J
    LSTORE 166
   L1149
    LINENUMBER 703 L1149
    ALOAD 88
    ACONST_NULL
   L1150
    LINENUMBER 708 L1150
    LLOAD 166
    ACONST_NULL
    LCONST_0
    ACONST_NULL
    ACONST_NULL
    ACONST_NULL
    LCONST_0
    ACONST_NULL
    ACONST_NULL
    LCONST_0
    ICONST_0
    ICONST_0
    ICONST_0
    ICONST_0
    ACONST_NULL
   L1151
    LINENUMBER 707 L1151
    ALOAD 89
    ALOAD 85
    ICONST_0
    ICONST_0
    LDC 131066
   L1152
    LINENUMBER 702 L1152
    INVOKESTATIC androidx/compose/material3/TextKt.Text-Nvy7gAk (Ljava/lang/String;Landroidx/compose/ui/Modifier;JLandroidx/compose/foundation/text/TextAutoSize;JLandroidx/compose/ui/text/font/FontStyle;Landroidx/compose/ui/text/font/FontWeight;Landroidx/compose/ui/text/font/FontFamily;JLandroidx/compose/ui/text/style/TextDecoration;Landroidx/compose/ui/text/style/TextAlign;JIZIILkotlin/jvm/functions/Function1;Landroidx/compose/ui/text/TextStyle;Landroidx/compose/runtime/Composer;III)V
   L1153
    LINENUMBER 710 L1153
    GETSTATIC androidx/compose/ui/Modifier.Companion : Landroidx/compose/ui/Modifier$Companion;
    CHECKCAST androidx/compose/ui/Modifier
    BIPUSH 8
    ISTORE 88
   L1154
    ICONST_0
    ISTORE 89
   L1155
    LINENUMBER 2487 L1155
    ILOAD 88
    I2F
    INVOKESTATIC androidx/compose/ui/unit/Dp.constructor-impl (F)F
    GOTO L1156
   L1156
    LINENUMBER 710 L1156
    INVOKESTATIC androidx/compose/foundation/layout/SizeKt.height-3ABfNKs (Landroidx/compose/ui/Modifier;F)Landroidx/compose/ui/Modifier;
    ALOAD 85
    BIPUSH 6
    INVOKESTATIC androidx/compose/foundation/layout/SpacerKt.Spacer (Landroidx/compose/ui/Modifier;Landroidx/compose/runtime/Composer;I)V
   L1157
    LINENUMBER 701 L1157
    ALOAD 85
    INVOKEINTERFACE androidx/compose/runtime/Composer.endReplaceGroup ()V (itf)
    GOTO L1158
   L1141
    ALOAD 85
    LDC -1575983187
    INVOKEINTERFACE androidx/compose/runtime/Composer.startReplaceGroup (I)V (itf)
    ALOAD 85
    INVOKEINTERFACE androidx/compose/runtime/Composer.endReplaceGroup ()V (itf)
   L1158
    LINENUMBER 713 L1158
    ALOAD 26
    INVOKESTATIC com/muddassir/clearview/todo/ui/TodoEditorKt.TodoEditorDialog$lambda$45 (Landroidx/compose/runtime/MutableState;)Lcom/muddassir/clearview/todo/ui/ReminderStyle;
    ALOAD 85
    LDC 365937259
    LDC "CC(remember):TodoEditor.kt#9igjgp"
   L1159
    LINENUMBER 714 L1159
    INVOKESTATIC androidx/compose/runtime/ComposerKt.sourceInformationMarkerStart (Landroidx/compose/runtime/Composer;ILjava/lang/String;)V
    ALOAD 85
    ASTORE 89
    ICONST_0
    ISTORE 90
   L1160
    ICONST_0
    ISTORE 100
   L1161
    LINENUMBER 2488 L1161
    ALOAD 89
    INVOKEINTERFACE androidx/compose/runtime/Composer.rememberedValue ()Ljava/lang/Object; (itf)
    ASTORE 91
   L1162
    ICONST_0
    ISTORE 92
   L1163
    LINENUMBER 2489 L1163
    ILOAD 90
    IFNE L1164
    ALOAD 91
    GETSTATIC androidx/compose/runtime/Composer.Companion : Landroidx/compose/runtime/Composer$Companion;
    INVOKEVIRTUAL androidx/compose/runtime/Composer$Companion.getEmpty ()Ljava/lang/Object;
    IF_ACMPNE L1165
   L1164
    LINENUMBER 2490 L1164
    ASTORE 96
    ICONST_0
    ISTORE 93
   L1166
    LINENUMBER 714 L1166
    ALOAD 26
    INVOKEDYNAMIC invoke(Landroidx/compose/runtime/MutableState;)Lkotlin/jvm/functions/Function1; [
      // handle kind 0x6 : INVOKESTATIC
      java/lang/invoke/LambdaMetafactory.metafactory(Ljava/lang/invoke/MethodHandles$Lookup;Ljava/lang/String;Ljava/lang/invoke/MethodType;Ljava/lang/invoke/MethodType;Ljava/lang/invoke/MethodHandle;Ljava/lang/invoke/MethodType;)Ljava/lang/invoke/CallSite;
      // arguments:
      (Ljava/lang/Object;)Ljava/lang/Object;, 
      // handle kind 0x6 : INVOKESTATIC
      com/muddassir/clearview/todo/ui/TodoEditorKt.TodoEditorDialog$lambda$151$lambda$150$lambda$149$lambda$147$lambda$136$lambda$135(Landroidx/compose/runtime/MutableState;Lcom/muddassir/clearview/todo/ui/ReminderStyle;)Lkotlin/Unit;, 
      (Lcom/muddassir/clearview/todo/ui/ReminderStyle;)Lkotlin/Unit;
    ]
    GOTO L1167
   L1167
    ASTORE 98
    ALOAD 96
    ALOAD 98
   L1168
    LINENUMBER 2490 L1168
    ASTORE 94
   L1169
    LINENUMBER 2491 L1169
    ALOAD 89
    ALOAD 94
    INVOKEINTERFACE androidx/compose/runtime/Composer.updateRememberedValue (Ljava/lang/Object;)V (itf)
   L1170
    LINENUMBER 2492 L1170
    ALOAD 94
   L1171
    GOTO L1172
   L1165
    LINENUMBER 2493 L1165
    ALOAD 91
   L1172
    LINENUMBER 2488 L1172
    NOP
   L1173
    LINENUMBER 2488 L1173
    GOTO L1174
   L1174
    LINENUMBER 714 L1174
    CHECKCAST kotlin/jvm/functions/Function1
    ASTORE 88
    ALOAD 85
    INVOKESTATIC androidx/compose/runtime/ComposerKt.sourceInformationMarkerEnd (Landroidx/compose/runtime/Composer;)V
    ALOAD 88
    ALOAD 85
    LDC 365938976
    LDC "CC(remember):TodoEditor.kt#9igjgp"
   L1175
    LINENUMBER 715 L1175
    INVOKESTATIC androidx/compose/runtime/ComposerKt.sourceInformationMarkerStart (Landroidx/compose/runtime/Composer;ILjava/lang/String;)V
    ALOAD 85
    ASTORE 89
    ALOAD 85
    ALOAD 4
    INVOKEINTERFACE androidx/compose/runtime/Composer.changedInstance (Ljava/lang/Object;)Z (itf)
    ISTORE 90
   L1176
    ICONST_0
    ISTORE 100
   L1177
    LINENUMBER 2494 L1177
    ALOAD 89
    INVOKEINTERFACE androidx/compose/runtime/Composer.rememberedValue ()Ljava/lang/Object; (itf)
    ASTORE 91
   L1178
    ICONST_0
    ISTORE 92
   L1179
    LINENUMBER 2495 L1179
    ILOAD 90
    IFNE L1180
    ALOAD 91
    GETSTATIC androidx/compose/runtime/Composer.Companion : Landroidx/compose/runtime/Composer$Companion;
    INVOKEVIRTUAL androidx/compose/runtime/Composer$Companion.getEmpty ()Ljava/lang/Object;
    IF_ACMPNE L1181
   L1180
    LINENUMBER 2496 L1180
    ASTORE 98
    ASTORE 96
    ICONST_0
    ISTORE 93
   L1182
    LINENUMBER 715 L1182
    ALOAD 4
    INVOKEDYNAMIC invoke(Landroidx/activity/compose/ManagedActivityResultLauncher;)Lkotlin/jvm/functions/Function0; [
      // handle kind 0x6 : INVOKESTATIC
      java/lang/invoke/LambdaMetafactory.metafactory(Ljava/lang/invoke/MethodHandles$Lookup;Ljava/lang/String;Ljava/lang/invoke/MethodType;Ljava/lang/invoke/MethodType;Ljava/lang/invoke/MethodHandle;Ljava/lang/invoke/MethodType;)Ljava/lang/invoke/CallSite;
      // arguments:
      ()Ljava/lang/Object;, 
      // handle kind 0x6 : INVOKESTATIC
      com/muddassir/clearview/todo/ui/TodoEditorKt.TodoEditorDialog$lambda$151$lambda$150$lambda$149$lambda$147$lambda$138$lambda$137(Landroidx/activity/compose/ManagedActivityResultLauncher;)Lkotlin/Unit;, 
      ()Lkotlin/Unit;
    ]
    GOTO L1183
   L1183
    ASTORE 101
    ALOAD 96
    ALOAD 98
    ALOAD 101
   L1184
    LINENUMBER 2496 L1184
    ASTORE 94
   L1185
    LINENUMBER 2497 L1185
    ALOAD 89
    ALOAD 94
    INVOKEINTERFACE androidx/compose/runtime/Composer.updateRememberedValue (Ljava/lang/Object;)V (itf)
   L1186
    LINENUMBER 2498 L1186
    ALOAD 94
   L1187
    GOTO L1188
   L1181
    LINENUMBER 2499 L1181
    ALOAD 91
   L1188
    LINENUMBER 2494 L1188
    NOP
   L1189
    LINENUMBER 2494 L1189
    GOTO L1190
   L1190
    LINENUMBER 715 L1190
    CHECKCAST kotlin/jvm/functions/Function0
    ASTORE 88
    ALOAD 85
    INVOKESTATIC androidx/compose/runtime/ComposerKt.sourceInformationMarkerEnd (Landroidx/compose/runtime/Composer;)V
    ALOAD 88
    ALOAD 85
    BIPUSH 48
   L1191
    LINENUMBER 712 L1191
    INVOKESTATIC com/muddassir/clearview/todo/ui/TodoEditorKt.ReminderStyleRow (Lcom/muddassir/clearview/todo/ui/ReminderStyle;Lkotlin/jvm/functions/Function1;Lkotlin/jvm/functions/Function0;Landroidx/compose/runtime/Composer;I)V
   L1192
    LINENUMBER 717 L1192
    ALOAD 86
   L1193
    LINENUMBER 718 L1193
    ALOAD 26
    INVOKESTATIC com/muddassir/clearview/todo/ui/TodoEditorKt.TodoEditorDialog$lambda$45 (Landroidx/compose/runtime/MutableState;)Lcom/muddassir/clearview/todo/ui/ReminderStyle;
   L1194
    LINENUMBER 719 L1194
    ALOAD 27
    INVOKESTATIC com/muddassir/clearview/todo/ui/TodoEditorKt.TodoEditorDialog$lambda$48 (Landroidx/compose/runtime/MutableState;)I
   L1195
    LINENUMBER 720 L1195
    ALOAD 28
    INVOKESTATIC com/muddassir/clearview/todo/ui/TodoEditorKt.TodoEditorDialog$lambda$51 (Landroidx/compose/runtime/MutableState;)Ljava/lang/String;
    ALOAD 85
    LDC 365949282
    LDC "CC(remember):TodoEditor.kt#9igjgp"
   L1196
    LINENUMBER 721 L1196
    INVOKESTATIC androidx/compose/runtime/ComposerKt.sourceInformationMarkerStart (Landroidx/compose/runtime/Composer;ILjava/lang/String;)V
    ALOAD 85
    ASTORE 89
    ALOAD 85
    ALOAD 5
    INVOKEINTERFACE androidx/compose/runtime/Composer.changedInstance (Ljava/lang/Object;)Z (itf)
    ISTORE 90
   L1197
    ICONST_0
    ISTORE 100
   L1198
    LINENUMBER 2500 L1198
    ALOAD 89
    INVOKEINTERFACE androidx/compose/runtime/Composer.rememberedValue ()Ljava/lang/Object; (itf)
    ASTORE 91
   L1199
    ICONST_0
    ISTORE 92
   L1200
    LINENUMBER 2501 L1200
    ILOAD 90
    IFNE L1201
    ALOAD 91
    GETSTATIC androidx/compose/runtime/Composer.Companion : Landroidx/compose/runtime/Composer$Companion;
    INVOKEVIRTUAL androidx/compose/runtime/Composer$Companion.getEmpty ()Ljava/lang/Object;
    IF_ACMPNE L1202
   L1201
    LINENUMBER 2502 L1201
    ASTORE 129
    ISTORE 101
    ASTORE 98
    ASTORE 96
    ICONST_0
    ISTORE 93
   L1203
    LINENUMBER 721 L1203
    ALOAD 5
    INVOKEDYNAMIC invoke(Landroidx/activity/compose/ManagedActivityResultLauncher;)Lkotlin/jvm/functions/Function0; [
      // handle kind 0x6 : INVOKESTATIC
      java/lang/invoke/LambdaMetafactory.metafactory(Ljava/lang/invoke/MethodHandles$Lookup;Ljava/lang/String;Ljava/lang/invoke/MethodType;Ljava/lang/invoke/MethodType;Ljava/lang/invoke/MethodHandle;Ljava/lang/invoke/MethodType;)Ljava/lang/invoke/CallSite;
      // arguments:
      ()Ljava/lang/Object;, 
      // handle kind 0x6 : INVOKESTATIC
      com/muddassir/clearview/todo/ui/TodoEditorKt.TodoEditorDialog$lambda$151$lambda$150$lambda$149$lambda$147$lambda$140$lambda$139(Landroidx/activity/compose/ManagedActivityResultLauncher;)Lkotlin/Unit;, 
      ()Lkotlin/Unit;
    ]
    GOTO L1204
   L1204
    ASTORE 128
    ALOAD 96
    ALOAD 98
    ILOAD 101
    ALOAD 129
    ALOAD 128
   L1205
    LINENUMBER 2502 L1205
    ASTORE 94
   L1206
    LINENUMBER 2503 L1206
    ALOAD 89
    ALOAD 94
    INVOKEINTERFACE androidx/compose/runtime/Composer.updateRememberedValue (Ljava/lang/Object;)V (itf)
   L1207
    LINENUMBER 2504 L1207
    ALOAD 94
   L1208
    GOTO L1209
   L1202
    LINENUMBER 2505 L1202
    ALOAD 91
   L1209
    LINENUMBER 2500 L1209
    NOP
   L1210
    LINENUMBER 2500 L1210
    GOTO L1211
   L1211
    LINENUMBER 721 L1211
    CHECKCAST kotlin/jvm/functions/Function0
    ASTORE 88
    ALOAD 85
    INVOKESTATIC androidx/compose/runtime/ComposerKt.sourceInformationMarkerEnd (Landroidx/compose/runtime/Composer;)V
    ALOAD 88
    ALOAD 85
    LDC 365951976
    LDC "CC(remember):TodoEditor.kt#9igjgp"
   L1212
    LINENUMBER 722 L1212
    INVOKESTATIC androidx/compose/runtime/ComposerKt.sourceInformationMarkerStart (Landroidx/compose/runtime/Composer;ILjava/lang/String;)V
    ALOAD 85
    ASTORE 89
    ICONST_0
    ISTORE 90
   L1213
    ICONST_0
    ISTORE 100
   L1214
    LINENUMBER 2506 L1214
    ALOAD 89
    INVOKEINTERFACE androidx/compose/runtime/Composer.rememberedValue ()Ljava/lang/Object; (itf)
    ASTORE 91
   L1215
    ICONST_0
    ISTORE 92
   L1216
    LINENUMBER 2507 L1216
    ILOAD 90
    IFNE L1217
    ALOAD 91
    GETSTATIC androidx/compose/runtime/Composer.Companion : Landroidx/compose/runtime/Composer$Companion;
    INVOKEVIRTUAL androidx/compose/runtime/Composer$Companion.getEmpty ()Ljava/lang/Object;
    IF_ACMPNE L1218
   L1217
    LINENUMBER 2508 L1217
    ASTORE 128
    ASTORE 129
    ISTORE 101
    ASTORE 98
    ASTORE 96
    ICONST_0
    ISTORE 93
   L1219
    LINENUMBER 722 L1219
    ALOAD 28
    INVOKEDYNAMIC invoke(Landroidx/compose/runtime/MutableState;)Lkotlin/jvm/functions/Function0; [
      // handle kind 0x6 : INVOKESTATIC
      java/lang/invoke/LambdaMetafactory.metafactory(Ljava/lang/invoke/MethodHandles$Lookup;Ljava/lang/String;Ljava/lang/invoke/MethodType;Ljava/lang/invoke/MethodType;Ljava/lang/invoke/MethodHandle;Ljava/lang/invoke/MethodType;)Ljava/lang/invoke/CallSite;
      // arguments:
      ()Ljava/lang/Object;, 
      // handle kind 0x6 : INVOKESTATIC
      com/muddassir/clearview/todo/ui/TodoEditorKt.TodoEditorDialog$lambda$151$lambda$150$lambda$149$lambda$147$lambda$142$lambda$141(Landroidx/compose/runtime/MutableState;)Lkotlin/Unit;, 
      ()Lkotlin/Unit;
    ]
    GOTO L1220
   L1220
    ASTORE 127
    ALOAD 96
    ALOAD 98
    ILOAD 101
    ALOAD 129
    ALOAD 128
    ALOAD 127
   L1221
    LINENUMBER 2508 L1221
    ASTORE 94
   L1222
    LINENUMBER 2509 L1222
    ALOAD 89
    ALOAD 94
    INVOKEINTERFACE androidx/compose/runtime/Composer.updateRememberedValue (Ljava/lang/Object;)V (itf)
   L1223
    LINENUMBER 2510 L1223
    ALOAD 94
   L1224
    GOTO L1225
   L1218
    LINENUMBER 2511 L1218
    ALOAD 91
   L1225
    LINENUMBER 2506 L1225
    NOP
   L1226
    LINENUMBER 2506 L1226
    GOTO L1227
   L1227
    LINENUMBER 722 L1227
    CHECKCAST kotlin/jvm/functions/Function0
    ASTORE 88
    ALOAD 85
    INVOKESTATIC androidx/compose/runtime/ComposerKt.sourceInformationMarkerEnd (Landroidx/compose/runtime/Composer;)V
    ALOAD 88
    ALOAD 85
    LDC 365954035
    LDC "CC(remember):TodoEditor.kt#9igjgp"
   L1228
    LINENUMBER 723 L1228
    INVOKESTATIC androidx/compose/runtime/ComposerKt.sourceInformationMarkerStart (Landroidx/compose/runtime/Composer;ILjava/lang/String;)V
    ALOAD 85
    ASTORE 89
    ICONST_0
    ISTORE 90
   L1229
    ICONST_0
    ISTORE 100
   L1230
    LINENUMBER 2512 L1230
    ALOAD 89
    INVOKEINTERFACE androidx/compose/runtime/Composer.rememberedValue ()Ljava/lang/Object; (itf)
    ASTORE 91
   L1231
    ICONST_0
    ISTORE 92
   L1232
    LINENUMBER 2513 L1232
    ILOAD 90
    IFNE L1233
    ALOAD 91
    GETSTATIC androidx/compose/runtime/Composer.Companion : Landroidx/compose/runtime/Composer$Companion;
    INVOKEVIRTUAL androidx/compose/runtime/Composer$Companion.getEmpty ()Ljava/lang/Object;
    IF_ACMPNE L1234
   L1233
    LINENUMBER 2514 L1233
    ASTORE 127
    ASTORE 128
    ASTORE 129
    ISTORE 101
    ASTORE 98
    ASTORE 96
    ICONST_0
    ISTORE 93
   L1235
    LINENUMBER 723 L1235
    ALOAD 12
    INVOKEDYNAMIC invoke(Landroidx/compose/runtime/MutableState;)Lkotlin/jvm/functions/Function0; [
      // handle kind 0x6 : INVOKESTATIC
      java/lang/invoke/LambdaMetafactory.metafactory(Ljava/lang/invoke/MethodHandles$Lookup;Ljava/lang/String;Ljava/lang/invoke/MethodType;Ljava/lang/invoke/MethodType;Ljava/lang/invoke/MethodHandle;Ljava/lang/invoke/MethodType;)Ljava/lang/invoke/CallSite;
      // arguments:
      ()Ljava/lang/Object;, 
      // handle kind 0x6 : INVOKESTATIC
      com/muddassir/clearview/todo/ui/TodoEditorKt.TodoEditorDialog$lambda$151$lambda$150$lambda$149$lambda$147$lambda$144$lambda$143(Landroidx/compose/runtime/MutableState;)Lkotlin/Unit;, 
      ()Lkotlin/Unit;
    ]
    GOTO L1236
   L1236
    ASTORE 130
    ALOAD 96
    ALOAD 98
    ILOAD 101
    ALOAD 129
    ALOAD 128
    ALOAD 127
    ALOAD 130
   L1237
    LINENUMBER 2514 L1237
    ASTORE 94
   L1238
    LINENUMBER 2515 L1238
    ALOAD 89
    ALOAD 94
    INVOKEINTERFACE androidx/compose/runtime/Composer.updateRememberedValue (Ljava/lang/Object;)V (itf)
   L1239
    LINENUMBER 2516 L1239
    ALOAD 94
   L1240
    GOTO L1241
   L1234
    LINENUMBER 2517 L1234
    ALOAD 91
   L1241
    LINENUMBER 2512 L1241
    NOP
   L1242
    LINENUMBER 2512 L1242
    GOTO L1243
   L1243
    LINENUMBER 723 L1243
    CHECKCAST kotlin/jvm/functions/Function0
    ASTORE 88
    ALOAD 85
    INVOKESTATIC androidx/compose/runtime/ComposerKt.sourceInformationMarkerEnd (Landroidx/compose/runtime/Composer;)V
    ALOAD 88
    ALOAD 85
    LDC 1769472
    BIPUSH 14
    ILOAD 84
    IAND
    IOR
   L1244
    LINENUMBER 717 L1244
    INVOKESTATIC com/muddassir/clearview/todo/ui/TodoEditorKt.AlarmTuning (Landroidx/compose/foundation/layout/ColumnScope;Lcom/muddassir/clearview/todo/ui/ReminderStyle;ILjava/lang/String;Lkotlin/jvm/functions/Function0;Lkotlin/jvm/functions/Function0;Lkotlin/jvm/functions/Function0;Landroidx/compose/runtime/Composer;I)V
   L1245
    LINENUMBER 694 L1245
    ALOAD 85
    INVOKEINTERFACE androidx/compose/runtime/Composer.endReplaceGroup ()V (itf)
    GOTO L1246
   L1136
    ALOAD 85
    LDC -1575983187
    INVOKEINTERFACE androidx/compose/runtime/Composer.startReplaceGroup (I)V (itf)
    ALOAD 85
    INVOKEINTERFACE androidx/compose/runtime/Composer.endReplaceGroup ()V (itf)
   L1246
    LINENUMBER 728 L1246
    GETSTATIC androidx/compose/material/icons/Icons$Filled.INSTANCE : Landroidx/compose/material/icons/Icons$Filled;
    INVOKESTATIC androidx/compose/material/icons/filled/FlagKt.getFlag (Landroidx/compose/material/icons/Icons$Filled;)Landroidx/compose/ui/graphics/vector/ImageVector;
   L1247
    LINENUMBER 729 L1247
    GETSTATIC com/muddassir/clearview/R$string.todo_section_organise : I
    ALOAD 85
    ICONST_0
    INVOKESTATIC androidx/compose/ui/res/StringResources_androidKt.stringResource (ILandroidx/compose/runtime/Composer;I)Ljava/lang/String;
    ICONST_0
    ALOAD 85
    ICONST_0
    ICONST_4
   L1248
    LINENUMBER 727 L1248
    INVOKESTATIC com/muddassir/clearview/todo/ui/TodoEditorKt.SectionHeader (Landroidx/compose/ui/graphics/vector/ImageVector;Ljava/lang/String;ZLandroidx/compose/runtime/Composer;II)V
   L1249
    LINENUMBER 733 L1249
    ICONST_3
    ANEWARRAY java/lang/String
    ASTORE 88
    ALOAD 88
    ICONST_0
    GETSTATIC com/muddassir/clearview/R$string.todo_priority_low : I
    ALOAD 85
    ICONST_0
    INVOKESTATIC androidx/compose/ui/res/StringResources_androidKt.stringResource (ILandroidx/compose/runtime/Composer;I)Ljava/lang/String;
    AASTORE
    ALOAD 88
    ICONST_1
   L1250
    LINENUMBER 734 L1250
    GETSTATIC com/muddassir/clearview/R$string.todo_priority_normal : I
    ALOAD 85
    ICONST_0
    INVOKESTATIC androidx/compose/ui/res/StringResources_androidKt.stringResource (ILandroidx/compose/runtime/Composer;I)Ljava/lang/String;
    AASTORE
   L1251
    LINENUMBER 733 L1251
    ALOAD 88
    ICONST_2
   L1252
    LINENUMBER 735 L1252
    GETSTATIC com/muddassir/clearview/R$string.todo_priority_high : I
    ALOAD 85
    ICONST_0
    INVOKESTATIC androidx/compose/ui/res/StringResources_androidKt.stringResource (ILandroidx/compose/runtime/Composer;I)Ljava/lang/String;
    AASTORE
   L1253
    LINENUMBER 733 L1253
    ALOAD 88
   L1254
    LINENUMBER 732 L1254
    INVOKESTATIC kotlin/collections/CollectionsKt.listOf ([Ljava/lang/Object;)Ljava/util/List;
   L1255
    LINENUMBER 737 L1255
    INVOKESTATIC com/muddassir/clearview/todo/model/TodoPriority.getEntries ()Lkotlin/enums/EnumEntries;
    ALOAD 29
    INVOKESTATIC com/muddassir/clearview/todo/ui/TodoEditorKt.TodoEditorDialog$lambda$54 (Landroidx/compose/runtime/MutableState;)Lcom/muddassir/clearview/todo/model/TodoPriority;
    INVOKEINTERFACE kotlin/enums/EnumEntries.indexOf (Ljava/lang/Object;)I (itf)
    ALOAD 85
    LDC 365976604
    LDC "CC(remember):TodoEditor.kt#9igjgp"
   L1256
    LINENUMBER 738 L1256
    INVOKESTATIC androidx/compose/runtime/ComposerKt.sourceInformationMarkerStart (Landroidx/compose/runtime/Composer;ILjava/lang/String;)V
    ALOAD 85
    ASTORE 89
    ICONST_0
    ISTORE 90
   L1257
    ICONST_0
    ISTORE 100
   L1258
    LINENUMBER 2518 L1258
    ALOAD 89
    INVOKEINTERFACE androidx/compose/runtime/Composer.rememberedValue ()Ljava/lang/Object; (itf)
    ASTORE 91
   L1259
    ICONST_0
    ISTORE 92
   L1260
    LINENUMBER 2519 L1260
    ILOAD 90
    IFNE L1261
    ALOAD 91
    GETSTATIC androidx/compose/runtime/Composer.Companion : Landroidx/compose/runtime/Composer$Companion;
    INVOKEVIRTUAL androidx/compose/runtime/Composer$Companion.getEmpty ()Ljava/lang/Object;
    IF_ACMPNE L1262
   L1261
    LINENUMBER 2520 L1261
    ISTORE 98
    ASTORE 96
    ICONST_0
    ISTORE 93
   L1263
    LINENUMBER 738 L1263
    ALOAD 29
    INVOKEDYNAMIC invoke(Landroidx/compose/runtime/MutableState;)Lkotlin/jvm/functions/Function1; [
      // handle kind 0x6 : INVOKESTATIC
      java/lang/invoke/LambdaMetafactory.metafactory(Ljava/lang/invoke/MethodHandles$Lookup;Ljava/lang/String;Ljava/lang/invoke/MethodType;Ljava/lang/invoke/MethodType;Ljava/lang/invoke/MethodHandle;Ljava/lang/invoke/MethodType;)Ljava/lang/invoke/CallSite;
      // arguments:
      (Ljava/lang/Object;)Ljava/lang/Object;, 
      // handle kind 0x6 : INVOKESTATIC
      com/muddassir/clearview/todo/ui/TodoEditorKt.TodoEditorDialog$lambda$151$lambda$150$lambda$149$lambda$147$lambda$146$lambda$145(Landroidx/compose/runtime/MutableState;I)Lkotlin/Unit;, 
      (Ljava/lang/Integer;)Lkotlin/Unit;
    ]
    GOTO L1264
   L1264
    ASTORE 101
    ALOAD 96
    ILOAD 98
    ALOAD 101
   L1265
    LINENUMBER 2520 L1265
    ASTORE 94
   L1266
    LINENUMBER 2521 L1266
    ALOAD 89
    ALOAD 94
    INVOKEINTERFACE androidx/compose/runtime/Composer.updateRememberedValue (Ljava/lang/Object;)V (itf)
   L1267
    LINENUMBER 2522 L1267
    ALOAD 94
   L1268
    GOTO L1269
   L1262
    LINENUMBER 2523 L1262
    ALOAD 91
   L1269
    LINENUMBER 2518 L1269
    NOP
   L1270
    LINENUMBER 2518 L1270
    GOTO L1271
   L1271
    LINENUMBER 738 L1271
    CHECKCAST kotlin/jvm/functions/Function1
    ASTORE 88
    ALOAD 85
    INVOKESTATIC androidx/compose/runtime/ComposerKt.sourceInformationMarkerEnd (Landroidx/compose/runtime/Composer;)V
    ALOAD 88
    ALOAD 85
    SIPUSH 384
   L1272
    LINENUMBER 731 L1272
    INVOKESTATIC com/muddassir/clearview/todo/ui/TodoEditorKt.EditorSegments (Ljava/util/List;ILkotlin/jvm/functions/Function1;Landroidx/compose/runtime/Composer;I)V
    ALOAD 85
   L1273
    LINENUMBER 404 L1273
    INVOKESTATIC androidx/compose/runtime/ComposerKt.sourceInformationMarkerEnd (Landroidx/compose/runtime/Composer;)V
   L1274
    LINENUMBER 741 L1274
    GOTO L1275
   L1275
    GETSTATIC kotlin/Unit.INSTANCE : Lkotlin/Unit;
   L1276
    LINENUMBER 2079 L1276
    POP
    ALOAD 82
    INVOKESTATIC androidx/compose/runtime/ComposerKt.sourceInformationMarkerEnd (Landroidx/compose/runtime/Composer;)V
   L1277
    LINENUMBER 2103 L1277
    ALOAD 76
   L1278
    LINENUMBER 2524 L1278
    INVOKEINTERFACE androidx/compose/runtime/Composer.endNode ()V (itf)
    ALOAD 76
   L1279
    LINENUMBER 2088 L1279
    INVOKESTATIC androidx/compose/runtime/ComposerKt.sourceInformationMarkerEnd (Landroidx/compose/runtime/Composer;)V
   L1280
    LINENUMBER 2525 L1280
    NOP
   L1281
    ALOAD 69
   L1282
    LINENUMBER 2082 L1282
    INVOKESTATIC androidx/compose/runtime/ComposerKt.sourceInformationMarkerEnd (Landroidx/compose/runtime/Composer;)V
   L1283
    LINENUMBER 2526 L1283
    NOP
   L1284
    ALOAD 62
   L1285
    LINENUMBER 2072 L1285
    INVOKESTATIC androidx/compose/runtime/ComposerKt.sourceInformationMarkerEnd (Landroidx/compose/runtime/Composer;)V
   L1286
    LINENUMBER 2527 L1286
    GOTO L1287
   L1287
    ALOAD 57
    LDC -693549805
    LDC "CC(remember):TodoEditor.kt#9igjgp"
   L1288
    LINENUMBER 746 L1288
    INVOKESTATIC androidx/compose/runtime/ComposerKt.sourceInformationMarkerStart (Landroidx/compose/runtime/Composer;ILjava/lang/String;)V
    ALOAD 57
    ASTORE 61
    ALOAD 57
    ALOAD 2
    INVOKEINTERFACE androidx/compose/runtime/Composer.changedInstance (Ljava/lang/Object;)Z (itf)
    ALOAD 57
    ALOAD 3
    INVOKEINTERFACE androidx/compose/runtime/Composer.changed (Ljava/lang/Object;)Z (itf)
    IOR
    ALOAD 57
    ALOAD 0
    INVOKEINTERFACE androidx/compose/runtime/Composer.changedInstance (Ljava/lang/Object;)Z (itf)
    IOR
    ISTORE 65
   L1289
    ICONST_0
    ISTORE 62
   L1290
    LINENUMBER 2528 L1290
    ALOAD 61
    INVOKEINTERFACE androidx/compose/runtime/Composer.rememberedValue ()Ljava/lang/Object; (itf)
    ASTORE 63
   L1291
    ICONST_0
    ISTORE 64
   L1292
    LINENUMBER 2529 L1292
    ILOAD 65
    IFNE L1293
    ALOAD 63
    GETSTATIC androidx/compose/runtime/Composer.Companion : Landroidx/compose/runtime/Composer$Companion;
    INVOKEVIRTUAL androidx/compose/runtime/Composer$Companion.getEmpty ()Ljava/lang/Object;
    IF_ACMPNE L1294
   L1293
    LINENUMBER 2530 L1293
    NOP
    ICONST_0
    ISTORE 66
   L1295
    LINENUMBER 746 L1295
    NEW com/muddassir/clearview/todo/ui/TodoEditorKt$TodoEditorDialog$1$1$1$2$1
    DUP
    ALOAD 3
    ALOAD 0
    ALOAD 6
    ALOAD 7
    ALOAD 2
    ALOAD 13
    ALOAD 14
    ALOAD 9
    ALOAD 15
    ALOAD 17
    ALOAD 18
    ALOAD 23
    ALOAD 20
    ALOAD 21
    ALOAD 26
    ALOAD 27
    ALOAD 28
    ALOAD 19
    ALOAD 22
    ALOAD 8
    ALOAD 29
    ALOAD 25
    ALOAD 10
    ALOAD 11
    INVOKESPECIAL com/muddassir/clearview/todo/ui/TodoEditorKt$TodoEditorDialog$1$1$1$2$1.<init> (Lkotlin/jvm/functions/Function1;Lcom/muddassir/clearview/todo/model/TodoItem;Landroidx/compose/runtime/MutableState;Landroidx/compose/runtime/MutableState;Ljava/time/LocalDate;Landroidx/compose/runtime/MutableState;Landroidx/compose/runtime/MutableState;Landroidx/compose/runtime/MutableState;Landroidx/compose/runtime/MutableState;Landroidx/compose/runtime/MutableState;Landroidx/compose/runtime/MutableState;Landroidx/compose/runtime/MutableState;Landroidx/compose/runtime/MutableState;Landroidx/compose/runtime/MutableState;Landroidx/compose/runtime/MutableState;Landroidx/compose/runtime/MutableState;Landroidx/compose/runtime/MutableState;Landroidx/compose/runtime/MutableState;Landroidx/compose/runtime/MutableState;Landroidx/compose/runtime/MutableState;Landroidx/compose/runtime/MutableState;Landroidx/compose/runtime/MutableState;Landroidx/compose/runtime/MutableState;Landroidx/compose/runtime/MutableState;)V
    CHECKCAST kotlin/reflect/KFunction
    GOTO L1296
   L1296
    LINENUMBER 2530 L1296
    ASTORE 67
   L1297
    LINENUMBER 2531 L1297
    ALOAD 61
    ALOAD 67
    INVOKEINTERFACE androidx/compose/runtime/Composer.updateRememberedValue (Ljava/lang/Object;)V (itf)
   L1298
    LINENUMBER 2532 L1298
    ALOAD 67
   L1299
    GOTO L1300
   L1294
    LINENUMBER 2533 L1294
    ALOAD 63
   L1300
    LINENUMBER 2528 L1300
    NOP
   L1301
    LINENUMBER 2528 L1301
    GOTO L1302
   L1302
    LINENUMBER 746 L1302
    CHECKCAST kotlin/reflect/KFunction
    ASTORE 60
    ALOAD 57
    INVOKESTATIC androidx/compose/runtime/ComposerKt.sourceInformationMarkerEnd (Landroidx/compose/runtime/Composer;)V
    ALOAD 60
    CHECKCAST kotlin/jvm/functions/Function0
    ALOAD 57
    ICONST_0
    INVOKESTATIC com/muddassir/clearview/todo/ui/TodoEditorKt.EditorSaveBar (Lkotlin/jvm/functions/Function0;Landroidx/compose/runtime/Composer;I)V
    ALOAD 57
   L1303
    LINENUMBER 386 L1303
    INVOKESTATIC androidx/compose/runtime/ComposerKt.sourceInformationMarkerEnd (Landroidx/compose/runtime/Composer;)V
   L1304
    LINENUMBER 747 L1304
    NOP
    GOTO L1305
   L1305
    GETSTATIC kotlin/Unit.INSTANCE : Lkotlin/Unit;
    INVOKESTATIC kotlin/jvm/internal/InlineMarker.afterInlineCall ()V
   L1306
    LINENUMBER 2045 L1306
    POP
    ALOAD 54
    INVOKESTATIC androidx/compose/runtime/ComposerKt.sourceInformationMarkerEnd (Landroidx/compose/runtime/Composer;)V
   L1307
    LINENUMBER 2069 L1307
    ALOAD 48
   L1308
    LINENUMBER 2534 L1308
    INVOKEINTERFACE androidx/compose/runtime/Composer.endNode ()V (itf)
    ALOAD 48
   L1309
    LINENUMBER 2054 L1309
    INVOKESTATIC androidx/compose/runtime/ComposerKt.sourceInformationMarkerEnd (Landroidx/compose/runtime/Composer;)V
   L1310
    LINENUMBER 2535 L1310
    NOP
   L1311
    ALOAD 41
   L1312
    LINENUMBER 2048 L1312
    INVOKESTATIC androidx/compose/runtime/ComposerKt.sourceInformationMarkerEnd (Landroidx/compose/runtime/Composer;)V
   L1313
    LINENUMBER 2536 L1313
    NOP
   L1314
    ALOAD 35
   L1315
    LINENUMBER 2038 L1315
    INVOKESTATIC androidx/compose/runtime/ComposerKt.sourceInformationMarkerEnd (Landroidx/compose/runtime/Composer;)V
   L1316
    LINENUMBER 2537 L1316
    NOP
    GOTO L1317
   L1317
    INVOKESTATIC androidx/compose/runtime/ComposerKt.isTraceInProgress ()Z
    IFEQ L1318
    INVOKESTATIC androidx/compose/runtime/ComposerKt.traceEventEnd ()V
   L1318
    GOTO L1319
   L3
    LINENUMBER 379 L3
    ALOAD 30
    INVOKEINTERFACE androidx/compose/runtime/Composer.skipToGroupEnd ()V (itf)
   L1319
    LINENUMBER 748 L1319
    NOP
    GETSTATIC kotlin/Unit.INSTANCE : Lkotlin/Unit;
    ARETURN
   L1320
    LOCALVARIABLE $i$f$getDp\7\401 I L69 L70 61
    LOCALVARIABLE $this$dp\7 I L68 L70 60
    LOCALVARIABLE $i$f$getDp\8\402 I L73 L74 61
    LOCALVARIABLE $this$dp\8 I L72 L74 60
    LOCALVARIABLE $i$f$getDp\9\402 I L76 L77 61
    LOCALVARIABLE $this$dp\9 I L75 L77 60
    LOCALVARIABLE $i$a$-cache-TodoEditorKt$TodoEditorDialog$1$1$1$1$1\18\2106\15 I L139 L140 97
    LOCALVARIABLE value\17 Ljava/lang/Object; L142 L144 99
    LOCALVARIABLE $i$a$-let-ComposerKt$cache$1\17\2104\16 I L136 L145 95
    LOCALVARIABLE it\16 Ljava/lang/Object; L135 L145 94
    LOCALVARIABLE $i$f$cache\16\412 I L134 L147 93
    LOCALVARIABLE $this$cache\16 Landroidx/compose/runtime/Composer; L133 L147 91
    LOCALVARIABLE invalid\16 Z L133 L147 92
    LOCALVARIABLE $i$f$getDp\19\418 I L154 L155 89
    LOCALVARIABLE $this$dp\19 I L153 L155 88
    LOCALVARIABLE $i$a$-cache-TodoEditorKt$TodoEditorDialog$1$1$1$1$2\22\2113\15 I L164 L165 93
    LOCALVARIABLE value\21 Ljava/lang/Object; L167 L169 94
    LOCALVARIABLE $i$a$-let-ComposerKt$cache$1\21\2111\20 I L161 L170 92
    LOCALVARIABLE it\20 Ljava/lang/Object; L160 L170 91
    LOCALVARIABLE $i$f$cache\20\421 I L159 L172 100
    LOCALVARIABLE $this$cache\20 Landroidx/compose/runtime/Composer; L158 L172 89
    LOCALVARIABLE invalid\20 Z L158 L172 90
    LOCALVARIABLE $i$f$getDp\23\430 I L178 L179 89
    LOCALVARIABLE $this$dp\23 I L177 L179 88
    LOCALVARIABLE $i$f$getDp\24\432 I L183 L184 89
    LOCALVARIABLE $this$dp\24 I L182 L184 88
    LOCALVARIABLE $i$a$-cache-TodoEditorKt$TodoEditorDialog$1$1$1$1$3\27\2121\15 I L199 L200 93
    LOCALVARIABLE value\26 Ljava/lang/Object; L202 L204 94
    LOCALVARIABLE $i$a$-let-ComposerKt$cache$1\26\2119\25 I L196 L205 92
    LOCALVARIABLE it\25 Ljava/lang/Object; L195 L205 91
    LOCALVARIABLE $i$f$cache\25\439 I L194 L207 100
    LOCALVARIABLE $this$cache\25 Landroidx/compose/runtime/Composer; L193 L207 89
    LOCALVARIABLE invalid\25 Z L193 L207 90
    LOCALVARIABLE $i$f$getDp\28\441 I L211 L212 89
    LOCALVARIABLE $this$dp\28 I L210 L212 88
    LOCALVARIABLE $i$f$getDp\29\449 I L220 L221 89
    LOCALVARIABLE $this$dp\29 I L219 L221 88
    LOCALVARIABLE $i$f$getDp\30\451 I L225 L226 89
    LOCALVARIABLE $this$dp\30 I L224 L226 88
    LOCALVARIABLE $i$a$-map-TodoEditorKt$TodoEditorDialog$1$1$1$1$4\33\2130\15 I L236 L237 95
    LOCALVARIABLE p0\33 Lcom/muddassir/clearview/todo/model/TodoBehavior; L235 L237 94
    LOCALVARIABLE item\32 Ljava/lang/Object; L234 L239 93
    LOCALVARIABLE $i$f$mapTo\32\2128 I L231 L240 91
    LOCALVARIABLE $this$mapTo\32 Ljava/lang/Iterable; L230 L240 90
    LOCALVARIABLE destination\32 Ljava/util/Collection; L230 L240 100
    LOCALVARIABLE $i$f$map\31\453 I L229 L242 89
    LOCALVARIABLE $this$map\31 Ljava/lang/Iterable; L228 L242 88
    LOCALVARIABLE $i$a$-cache-TodoEditorKt$TodoEditorDialog$1$1$1$1$5\36\2134\15 I L250 L251 93
    LOCALVARIABLE value\35 Ljava/lang/Object; L253 L255 94
    LOCALVARIABLE $i$a$-let-ComposerKt$cache$1\35\2132\34 I L247 L256 92
    LOCALVARIABLE it\34 Ljava/lang/Object; L246 L256 91
    LOCALVARIABLE $i$f$cache\34\455 I L245 L258 100
    LOCALVARIABLE $this$cache\34 Landroidx/compose/runtime/Composer; L244 L258 89
    LOCALVARIABLE invalid\34 Z L244 L258 90
    LOCALVARIABLE $i$f$getDp\37\457 I L262 L263 89
    LOCALVARIABLE $this$dp\37 I L261 L263 88
    LOCALVARIABLE $i$f$getDp\38\463 I L269 L270 89
    LOCALVARIABLE $this$dp\38 I L268 L270 88
    LOCALVARIABLE $i$a$-cache-TodoEditorKt$TodoEditorDialog$1$1$1$1$6\41\2142\15 I L280 L281 93
    LOCALVARIABLE value\40 Ljava/lang/Object; L283 L285 94
    LOCALVARIABLE $i$a$-let-ComposerKt$cache$1\40\2140\39 I L277 L286 92
    LOCALVARIABLE it\39 Ljava/lang/Object; L276 L286 91
    LOCALVARIABLE $i$f$cache\39\467 I L275 L288 100
    LOCALVARIABLE $this$cache\39 Landroidx/compose/runtime/Composer; L274 L288 89
    LOCALVARIABLE invalid\39 Z L274 L288 90
    LOCALVARIABLE $i$a$-cache-TodoEditorKt$TodoEditorDialog$1$1$1$1$7\44\2148\15 I L303 L304 93
    LOCALVARIABLE value\43 Ljava/lang/Object; L306 L308 94
    LOCALVARIABLE $i$a$-let-ComposerKt$cache$1\43\2146\42 I L300 L309 92
    LOCALVARIABLE it\42 Ljava/lang/Object; L299 L309 91
    LOCALVARIABLE $i$f$cache\42\479 I L298 L311 100
    LOCALVARIABLE $this$cache\42 Landroidx/compose/runtime/Composer; L297 L311 89
    LOCALVARIABLE invalid\42 Z L297 L311 90
    LOCALVARIABLE $i$a$-cache-TodoEditorKt$TodoEditorDialog$1$1$1$1$8\47\2154\15 I L324 L325 93
    LOCALVARIABLE value\46 Ljava/lang/Object; L327 L329 94
    LOCALVARIABLE $i$a$-let-ComposerKt$cache$1\46\2152\45 I L321 L330 92
    LOCALVARIABLE it\45 Ljava/lang/Object; L320 L330 91
    LOCALVARIABLE $i$f$cache\45\485 I L319 L332 100
    LOCALVARIABLE $this$cache\45 Landroidx/compose/runtime/Composer; L318 L332 89
    LOCALVARIABLE invalid\45 Z L318 L332 90
    LOCALVARIABLE $i$a$-cache-TodoEditorKt$TodoEditorDialog$1$1$1$1$9\50\2160\15 I L343 L344 93
    LOCALVARIABLE value\49 Ljava/lang/Object; L346 L348 94
    LOCALVARIABLE $i$a$-let-ComposerKt$cache$1\49\2158\48 I L340 L349 92
    LOCALVARIABLE it\48 Ljava/lang/Object; L339 L349 91
    LOCALVARIABLE $i$f$cache\48\490 I L338 L351 100
    LOCALVARIABLE $this$cache\48 Landroidx/compose/runtime/Composer; L337 L351 89
    LOCALVARIABLE invalid\48 Z L337 L351 90
    LOCALVARIABLE $i$a$-cache-TodoEditorKt$TodoEditorDialog$1$1$1$1$10$1\59\2199\56 I L412 L413 124
    LOCALVARIABLE value\58 Ljava/lang/Object; L414 L416 125
    LOCALVARIABLE $i$a$-let-ComposerKt$cache$1\58\2197\57 I L409 L417 123
    LOCALVARIABLE it\57 Ljava/lang/Object; L408 L417 122
    LOCALVARIABLE $i$f$cache\57\499 I L407 L419 121
    LOCALVARIABLE $this$cache\57 Landroidx/compose/runtime/Composer; L406 L419 119
    LOCALVARIABLE invalid\57 Z L406 L419 120
    LOCALVARIABLE $i$a$-Row-TodoEditorKt$TodoEditorDialog$1$1$1$1$10\56\2172\15 I L400 L422 118
    LOCALVARIABLE $this$TodoEditorDialog_u24lambda_u24151_u24lambda_u24150_u24lambda_u24149_u24lambda_u24147_u24lambda_u2499\56 Landroidx/compose/foundation/layout/RowScope; L399 L422 117
    LOCALVARIABLE $composer\56 Landroidx/compose/runtime/Composer; L399 L422 116
    LOCALVARIABLE $changed\56 I L399 L422 115
    LOCALVARIABLE $i$a$-Layout-RowKt$Row$1\55\2196\51 I L397 L424 114
    LOCALVARIABLE $composer\55 Landroidx/compose/runtime/Composer; L396 L424 113
    LOCALVARIABLE $changed\55 I L396 L424 112
    LOCALVARIABLE $i$a$-ReusableComposeNode-LayoutKt$Layout$1\54\2189\52 I L388 L394 111
    LOCALVARIABLE $this$Layout_u24lambda_u240\54 Landroidx/compose/runtime/Composer; L387 L394 110
    LOCALVARIABLE $i$f$ReusableComposeNode\53\2179 I L377 L428 109
    LOCALVARIABLE factory\53 Lkotlin/jvm/functions/Function0; L376 L428 106
    LOCALVARIABLE $composer\53 Landroidx/compose/runtime/Composer; L376 L428 107
    LOCALVARIABLE $changed\53 I L376 L428 108
    LOCALVARIABLE $i$f$Layout\52\2171 I L367 L431 102
    LOCALVARIABLE compositeKeyHash\52 I L370 L431 103
    LOCALVARIABLE localMap\52 Landroidx/compose/runtime/CompositionLocalMap; L372 L431 104
    LOCALVARIABLE materialized\52 Landroidx/compose/ui/Modifier; L374 L431 105
    LOCALVARIABLE modifier\52 Landroidx/compose/ui/Modifier; L366 L431 94
    LOCALVARIABLE measurePolicy\52 Landroidx/compose/ui/layout/MeasurePolicy; L366 L431 95
    LOCALVARIABLE $composer\52 Landroidx/compose/runtime/Composer; L366 L431 97
    LOCALVARIABLE $changed\52 I L366 L431 99
    LOCALVARIABLE $i$f$Row\51\494 I L358 L434 92
    LOCALVARIABLE measurePolicy\51 Landroidx/compose/ui/layout/MeasurePolicy; L363 L434 93
    LOCALVARIABLE modifier\51 Landroidx/compose/ui/Modifier; L361 L434 88
    LOCALVARIABLE horizontalArrangement\51 Landroidx/compose/foundation/layout/Arrangement$Horizontal; L362 L434 89
    LOCALVARIABLE verticalAlignment\51 Landroidx/compose/ui/Alignment$Vertical; L357 L434 90
    LOCALVARIABLE $composer\51 Landroidx/compose/runtime/Composer; L357 L434 100
    LOCALVARIABLE $changed\51 I L357 L434 91
    LOCALVARIABLE $i$f$getDp\60\503 I L436 L437 89
    LOCALVARIABLE $this$dp\60 I L435 L437 88
    LOCALVARIABLE $i$a$-cache-TodoEditorKt$TodoEditorDialog$1$1$1$1$11\63\2210\15 I L446 L447 93
    LOCALVARIABLE value\62 Ljava/lang/Object; L449 L451 94
    LOCALVARIABLE $i$a$-let-ComposerKt$cache$1\62\2208\61 I L443 L452 92
    LOCALVARIABLE it\61 Ljava/lang/Object; L442 L452 91
    LOCALVARIABLE $i$f$cache\61\506 I L441 L454 100
    LOCALVARIABLE $this$cache\61 Landroidx/compose/runtime/Composer; L440 L454 89
    LOCALVARIABLE invalid\61 Z L440 L454 90
    LOCALVARIABLE $i$f$getDp\64\511 I L458 L459 89
    LOCALVARIABLE $this$dp\64 I L457 L459 88
    LOCALVARIABLE $i$a$-cache-TodoEditorKt$TodoEditorDialog$1$1$1$1$12\67\2217\15 I L473 L474 95
    LOCALVARIABLE value\66 Ljava/lang/Object; L476 L478 95
    LOCALVARIABLE $i$a$-let-ComposerKt$cache$1\66\2215\65 I L470 L479 94
    LOCALVARIABLE it\65 Ljava/lang/Object; L469 L479 93
    LOCALVARIABLE $i$f$cache\65\519 I L468 L481 92
    LOCALVARIABLE $this$cache\65 Landroidx/compose/runtime/Composer; L467 L481 100
    LOCALVARIABLE invalid\65 Z L467 L481 91
    LOCALVARIABLE $i$f$getDp\68\527 I L493 L494 89
    LOCALVARIABLE $this$dp\68 I L492 L494 88
    LOCALVARIABLE $i$f$getDp\69\529 I L498 L499 89
    LOCALVARIABLE $this$dp\69 I L497 L499 88
    LOCALVARIABLE $i$a$-cache-TodoEditorKt$TodoEditorDialog$1$1$1$1$13\72\2225\15 I L519 L520 93
    LOCALVARIABLE value\71 Ljava/lang/Object; L522 L524 94
    LOCALVARIABLE $i$a$-let-ComposerKt$cache$1\71\2223\70 I L516 L525 92
    LOCALVARIABLE it\70 Ljava/lang/Object; L515 L525 91
    LOCALVARIABLE $i$f$cache\70\543 I L514 L527 100
    LOCALVARIABLE $this$cache\70 Landroidx/compose/runtime/Composer; L513 L527 89
    LOCALVARIABLE invalid\70 Z L513 L527 90
    LOCALVARIABLE $i$f$getDp\73\557 I L537 L538 100
    LOCALVARIABLE $this$dp\73 I L536 L538 90
    LOCALVARIABLE $i$a$-let-TodoEditorKt$TodoEditorDialog$1$1$1$1$14\74\560\15 I L544 L545 93
    LOCALVARIABLE it\74 I L543 L545 92
    LOCALVARIABLE $i$a$-cache-TodoEditorKt$TodoEditorDialog$1$1$1$1$15\77\2232\15 I L559 L560 95
    LOCALVARIABLE value\76 Ljava/lang/Object; L562 L564 97
    LOCALVARIABLE $i$a$-let-ComposerKt$cache$1\76\2230\75 I L556 L565 94
    LOCALVARIABLE it\75 Ljava/lang/Object; L555 L565 93
    LOCALVARIABLE $i$f$cache\75\562 I L554 L567 92
    LOCALVARIABLE $this$cache\75 Landroidx/compose/runtime/Composer; L553 L567 100
    LOCALVARIABLE invalid\75 Z L553 L567 91
    LOCALVARIABLE $i$f$getDp\78\569 I L572 L573 100
    LOCALVARIABLE $this$dp\78 I L571 L573 90
    LOCALVARIABLE $i$a$-cache-TodoEditorKt$TodoEditorDialog$1$1$1$1$16\81\2239\15 I L583 L584 95
    LOCALVARIABLE value\80 Ljava/lang/Object; L586 L588 97
    LOCALVARIABLE $i$a$-let-ComposerKt$cache$1\80\2237\79 I L580 L589 94
    LOCALVARIABLE it\79 Ljava/lang/Object; L579 L589 93
    LOCALVARIABLE $i$f$cache\79\573 I L578 L591 92
    LOCALVARIABLE $this$cache\79 Landroidx/compose/runtime/Composer; L577 L591 100
    LOCALVARIABLE invalid\79 Z L577 L591 91
    LOCALVARIABLE $i$a$-cache-TodoEditorKt$TodoEditorDialog$1$1$1$1$17\84\2245\15 I L602 L603 95
    LOCALVARIABLE value\83 Ljava/lang/Object; L605 L607 97
    LOCALVARIABLE $i$a$-let-ComposerKt$cache$1\83\2243\82 I L599 L608 94
    LOCALVARIABLE it\82 Ljava/lang/Object; L598 L608 93
    LOCALVARIABLE $i$f$cache\82\578 I L597 L610 92
    LOCALVARIABLE $this$cache\82 Landroidx/compose/runtime/Composer; L596 L610 100
    LOCALVARIABLE invalid\82 Z L596 L610 91
    LOCALVARIABLE $i$f$getDp\85\580 I L614 L615 100
    LOCALVARIABLE $this$dp\85 I L613 L615 90
    LOCALVARIABLE $i$f$getDp\86\586 I L621 L622 92
    LOCALVARIABLE $this$dp\86 I L620 L622 91
    LOCALVARIABLE $i$a$-cache-TodoEditorKt$TodoEditorDialog$1$1$1$1$18\89\2253\15 I L630 L631 99
    LOCALVARIABLE value\88 Ljava/lang/Object; L633 L635 102
    LOCALVARIABLE $i$a$-let-ComposerKt$cache$1\88\2251\87 I L627 L636 97
    LOCALVARIABLE it\87 Ljava/lang/Object; L626 L636 95
    LOCALVARIABLE $i$f$cache\87\587 I L625 L638 94
    LOCALVARIABLE $this$cache\87 Landroidx/compose/runtime/Composer; L624 L638 92
    LOCALVARIABLE invalid\87 Z L624 L638 93
    LOCALVARIABLE $i$f$getDp\90\588 I L641 L642 92
    LOCALVARIABLE $this$dp\90 I L640 L642 91
    LOCALVARIABLE $i$a$-cache-TodoEditorKt$TodoEditorDialog$1$1$1$1$19$1\99\2292\96 I L697 L698 135
    LOCALVARIABLE value\98 Ljava/lang/Object; L700 L702 137
    LOCALVARIABLE $i$a$-let-ComposerKt$cache$1\98\2290\97 I L694 L703 133
    LOCALVARIABLE it\97 Ljava/lang/Object; L693 L703 126
    LOCALVARIABLE $i$f$cache\97\592 I L692 L705 125
    LOCALVARIABLE $this$cache\97 Landroidx/compose/runtime/Composer; L691 L705 123
    LOCALVARIABLE invalid\97 Z L691 L705 124
    LOCALVARIABLE $i$f$getDp\106\600 I L762 L763 160
    LOCALVARIABLE $this$dp\106 I L761 L763 159
    LOCALVARIABLE $i$a$-Column-TodoEditorKt$TodoEditorDialog$1$1$1$1$19$2\105\2303\96 I L751 L773 158
    LOCALVARIABLE $this$TodoEditorDialog_u24lambda_u24151_u24lambda_u24150_u24lambda_u24149_u24lambda_u24147_u24lambda_u24118_u24lambda_u24117\105 Landroidx/compose/foundation/layout/ColumnScope; L750 L773 157
    LOCALVARIABLE $composer\105 Landroidx/compose/runtime/Composer; L750 L773 156
    LOCALVARIABLE $changed\105 I L750 L773 155
    LOCALVARIABLE $i$a$-Layout-ColumnKt$Column$1\104\2327\100 I L748 L775 154
    LOCALVARIABLE $composer\104 Landroidx/compose/runtime/Composer; L747 L775 153
    LOCALVARIABLE $changed\104 I L747 L775 152
    LOCALVARIABLE $i$a$-ReusableComposeNode-LayoutKt$Layout$1\103\2320\101 I L739 L745 151
    LOCALVARIABLE $this$Layout_u24lambda_u240\103 Landroidx/compose/runtime/Composer; L738 L745 150
    LOCALVARIABLE $i$f$ReusableComposeNode\102\2310 I L728 L779 149
    LOCALVARIABLE factory\102 Lkotlin/jvm/functions/Function0; L727 L779 146
    LOCALVARIABLE $composer\102 Landroidx/compose/runtime/Composer; L727 L779 147
    LOCALVARIABLE $changed\102 I L727 L779 148
    LOCALVARIABLE $i$f$Layout\101\2302 I L718 L782 142
    LOCALVARIABLE compositeKeyHash\101 I L721 L782 143
    LOCALVARIABLE localMap\101 Landroidx/compose/runtime/CompositionLocalMap; L723 L782 144
    LOCALVARIABLE materialized\101 Landroidx/compose/ui/Modifier; L725 L782 145
    LOCALVARIABLE modifier\101 Landroidx/compose/ui/Modifier; L717 L782 137
    LOCALVARIABLE measurePolicy\101 Landroidx/compose/ui/layout/MeasurePolicy; L717 L782 139
    LOCALVARIABLE $composer\101 Landroidx/compose/runtime/Composer; L717 L782 140
    LOCALVARIABLE $changed\101 I L717 L782 141
    LOCALVARIABLE $i$f$Column\100\594 I L709 L785 133
    LOCALVARIABLE measurePolicy\100 Landroidx/compose/ui/layout/MeasurePolicy; L714 L785 135
    LOCALVARIABLE modifier\100 Landroidx/compose/ui/Modifier; L708 L785 138
    LOCALVARIABLE verticalArrangement\100 Landroidx/compose/foundation/layout/Arrangement$Vertical; L712 L785 123
    LOCALVARIABLE horizontalAlignment\100 Landroidx/compose/ui/Alignment$Horizontal; L713 L785 124
    LOCALVARIABLE $composer\100 Landroidx/compose/runtime/Composer; L708 L785 125
    LOCALVARIABLE $changed\100 I L708 L785 126
    LOCALVARIABLE $i$a$-Row-TodoEditorKt$TodoEditorDialog$1$1$1$1$19\96\2265\15 I L687 L788 122
    LOCALVARIABLE $this$TodoEditorDialog_u24lambda_u24151_u24lambda_u24150_u24lambda_u24149_u24lambda_u24147_u24lambda_u24118\96 Landroidx/compose/foundation/layout/RowScope; L686 L788 121
    LOCALVARIABLE $composer\96 Landroidx/compose/runtime/Composer; L686 L788 120
    LOCALVARIABLE $changed\96 I L686 L788 119
    LOCALVARIABLE $i$a$-Layout-RowKt$Row$1\95\2289\91 I L684 L790 118
    LOCALVARIABLE $composer\95 Landroidx/compose/runtime/Composer; L683 L790 117
    LOCALVARIABLE $changed\95 I L683 L790 116
    LOCALVARIABLE $i$a$-ReusableComposeNode-LayoutKt$Layout$1\94\2282\92 I L675 L681 115
    LOCALVARIABLE $this$Layout_u24lambda_u240\94 Landroidx/compose/runtime/Composer; L674 L681 114
    LOCALVARIABLE $i$f$ReusableComposeNode\93\2272 I L664 L794 113
    LOCALVARIABLE factory\93 Lkotlin/jvm/functions/Function0; L663 L794 110
    LOCALVARIABLE $composer\93 Landroidx/compose/runtime/Composer; L663 L794 111
    LOCALVARIABLE $changed\93 I L663 L794 112
    LOCALVARIABLE $i$f$Layout\92\2264 I L654 L797 106
    LOCALVARIABLE compositeKeyHash\92 I L657 L797 107
    LOCALVARIABLE localMap\92 Landroidx/compose/runtime/CompositionLocalMap; L659 L797 108
    LOCALVARIABLE materialized\92 Landroidx/compose/ui/Modifier; L661 L797 109
    LOCALVARIABLE modifier\92 Landroidx/compose/ui/Modifier; L653 L797 102
    LOCALVARIABLE measurePolicy\92 Landroidx/compose/ui/layout/MeasurePolicy; L653 L797 103
    LOCALVARIABLE $composer\92 Landroidx/compose/runtime/Composer; L653 L797 104
    LOCALVARIABLE $changed\92 I L653 L797 105
    LOCALVARIABLE $i$f$Row\91\582 I L646 L800 97
    LOCALVARIABLE measurePolicy\91 Landroidx/compose/ui/layout/MeasurePolicy; L650 L800 99
    LOCALVARIABLE modifier\91 Landroidx/compose/ui/Modifier; L645 L800 91
    LOCALVARIABLE horizontalArrangement\91 Landroidx/compose/foundation/layout/Arrangement$Horizontal; L649 L800 92
    LOCALVARIABLE verticalAlignment\91 Landroidx/compose/ui/Alignment$Vertical; L645 L800 93
    LOCALVARIABLE $composer\91 Landroidx/compose/runtime/Composer; L645 L800 94
    LOCALVARIABLE $changed\91 I L645 L800 95
    LOCALVARIABLE $i$f$getDp\107\608 I L802 L803 100
    LOCALVARIABLE $this$dp\107 I L801 L803 90
    LOCALVARIABLE $i$f$getDp\120\618 I L904 L905 156
    LOCALVARIABLE $this$dp\120 I L903 L905 155
    LOCALVARIABLE $i$a$-Column-TodoEditorKt$TodoEditorDialog$1$1$1$1$20$1\119\2378\113 I L893 L915 154
    LOCALVARIABLE $this$TodoEditorDialog_u24lambda_u24151_u24lambda_u24150_u24lambda_u24149_u24lambda_u24147_u24lambda_u24124_u24lambda_u24119\119 Landroidx/compose/foundation/layout/ColumnScope; L892 L915 153
    LOCALVARIABLE $composer\119 Landroidx/compose/runtime/Composer; L892 L915 152
    LOCALVARIABLE $changed\119 I L892 L915 151
    LOCALVARIABLE $i$a$-Layout-ColumnKt$Column$1\118\2402\114 I L890 L917 150
    LOCALVARIABLE $composer\118 Landroidx/compose/runtime/Composer; L889 L917 149
    LOCALVARIABLE $changed\118 I L889 L917 148
    LOCALVARIABLE $i$a$-ReusableComposeNode-LayoutKt$Layout$1\117\2395\115 I L881 L887 147
    LOCALVARIABLE $this$Layout_u24lambda_u240\117 Landroidx/compose/runtime/Composer; L880 L887 146
    LOCALVARIABLE $i$f$ReusableComposeNode\116\2385 I L870 L921 145
    LOCALVARIABLE factory\116 Lkotlin/jvm/functions/Function0; L869 L921 142
    LOCALVARIABLE $composer\116 Landroidx/compose/runtime/Composer; L869 L921 143
    LOCALVARIABLE $changed\116 I L869 L921 144
    LOCALVARIABLE $i$f$Layout\115\2377 I L860 L924 138
    LOCALVARIABLE compositeKeyHash\115 I L863 L924 139
    LOCALVARIABLE localMap\115 Landroidx/compose/runtime/CompositionLocalMap; L865 L924 140
    LOCALVARIABLE materialized\115 Landroidx/compose/ui/Modifier; L867 L924 141
    LOCALVARIABLE modifier\115 Landroidx/compose/ui/Modifier; L859 L924 134
    LOCALVARIABLE measurePolicy\115 Landroidx/compose/ui/layout/MeasurePolicy; L859 L924 135
    LOCALVARIABLE $composer\115 Landroidx/compose/runtime/Composer; L859 L924 136
    LOCALVARIABLE $changed\115 I L859 L924 137
    LOCALVARIABLE $i$f$Column\114\612 I L851 L927 124
    LOCALVARIABLE measurePolicy\114 Landroidx/compose/ui/layout/MeasurePolicy; L856 L927 133
    LOCALVARIABLE modifier\114 Landroidx/compose/ui/Modifier; L850 L927 121
    LOCALVARIABLE verticalArrangement\114 Landroidx/compose/foundation/layout/Arrangement$Vertical; L854 L927 125
    LOCALVARIABLE horizontalAlignment\114 Landroidx/compose/ui/Alignment$Horizontal; L855 L927 126
    LOCALVARIABLE $composer\114 Landroidx/compose/runtime/Composer; L850 L927 122
    LOCALVARIABLE $changed\114 I L850 L927 123
    LOCALVARIABLE $i$a$-cache-TodoEditorKt$TodoEditorDialog$1$1$1$1$20$2\123\2410\113 I L935 L936 133
    LOCALVARIABLE value\122 Ljava/lang/Object; L937 L939 134
    LOCALVARIABLE $i$a$-let-ComposerKt$cache$1\122\2408\121 I L932 L940 124
    LOCALVARIABLE it\121 Ljava/lang/Object; L931 L940 123
    LOCALVARIABLE $i$f$cache\121\626 I L930 L942 122
    LOCALVARIABLE $this$cache\121 Landroidx/compose/runtime/Composer; L929 L942 125
    LOCALVARIABLE invalid\121 Z L929 L942 126
    LOCALVARIABLE $i$f$getDp\124\627 I L945 L946 125
    LOCALVARIABLE $this$dp\124 I L944 L946 121
    LOCALVARIABLE $i$f$getDp\125\639 I L953 L954 124
    LOCALVARIABLE $this$dp\125 I L952 L954 123
    LOCALVARIABLE $i$a$-cache-TodoEditorKt$TodoEditorDialog$1$1$1$1$20$3\128\2418\113 I L969 L970 133
    LOCALVARIABLE value\127 Ljava/lang/Object; L971 L973 134
    LOCALVARIABLE $i$a$-let-ComposerKt$cache$1\127\2416\126 I L966 L974 124
    LOCALVARIABLE it\126 Ljava/lang/Object; L965 L974 123
    LOCALVARIABLE $i$f$cache\126\643 I L964 L976 122
    LOCALVARIABLE $this$cache\126 Landroidx/compose/runtime/Composer; L963 L976 125
    LOCALVARIABLE invalid\126 Z L963 L976 126
    LOCALVARIABLE $i$f$getDp\129\644 I L979 L980 125
    LOCALVARIABLE $this$dp\129 I L978 L980 121
    LOCALVARIABLE $i$a$-Row-TodoEditorKt$TodoEditorDialog$1$1$1$1$20\113\2346\15 I L848 L984 120
    LOCALVARIABLE $this$TodoEditorDialog_u24lambda_u24151_u24lambda_u24150_u24lambda_u24149_u24lambda_u24147_u24lambda_u24124\113 Landroidx/compose/foundation/layout/RowScope; L847 L984 119
    LOCALVARIABLE $composer\113 Landroidx/compose/runtime/Composer; L847 L984 118
    LOCALVARIABLE $changed\113 I L847 L984 117
    LOCALVARIABLE $i$a$-Layout-RowKt$Row$1\112\2370\108 I L845 L986 116
    LOCALVARIABLE $composer\112 Landroidx/compose/runtime/Composer; L844 L986 115
    LOCALVARIABLE $changed\112 I L844 L986 114
    LOCALVARIABLE $i$a$-ReusableComposeNode-LayoutKt$Layout$1\111\2363\109 I L836 L842 113
    LOCALVARIABLE $this$Layout_u24lambda_u240\111 Landroidx/compose/runtime/Composer; L835 L842 112
    LOCALVARIABLE $i$f$ReusableComposeNode\110\2353 I L825 L990 111
    LOCALVARIABLE factory\110 Lkotlin/jvm/functions/Function0; L824 L990 108
    LOCALVARIABLE $composer\110 Landroidx/compose/runtime/Composer; L824 L990 109
    LOCALVARIABLE $changed\110 I L824 L990 110
    LOCALVARIABLE $i$f$Layout\109\2345 I L815 L993 104
    LOCALVARIABLE compositeKeyHash\109 I L818 L993 105
    LOCALVARIABLE localMap\109 Landroidx/compose/runtime/CompositionLocalMap; L820 L993 106
    LOCALVARIABLE materialized\109 Landroidx/compose/ui/Modifier; L822 L993 107
    LOCALVARIABLE modifier\109 Landroidx/compose/ui/Modifier; L814 L993 97
    LOCALVARIABLE measurePolicy\109 Landroidx/compose/ui/layout/MeasurePolicy; L814 L993 99
    LOCALVARIABLE $composer\109 Landroidx/compose/runtime/Composer; L814 L993 102
    LOCALVARIABLE $changed\109 I L814 L993 103
    LOCALVARIABLE $i$f$Row\108\611 I L806 L996 94
    LOCALVARIABLE measurePolicy\108 Landroidx/compose/ui/layout/MeasurePolicy; L811 L996 95
    LOCALVARIABLE modifier\108 Landroidx/compose/ui/Modifier; L809 L996 90
    LOCALVARIABLE horizontalArrangement\108 Landroidx/compose/foundation/layout/Arrangement$Horizontal; L810 L996 100
    LOCALVARIABLE verticalAlignment\108 Landroidx/compose/ui/Alignment$Vertical; L805 L996 91
    LOCALVARIABLE $composer\108 Landroidx/compose/runtime/Composer; L805 L996 92
    LOCALVARIABLE $changed\108 I L805 L996 93
    LOCALVARIABLE $i$f$getDp\130\653 I L998 L999 100
    LOCALVARIABLE $this$dp\130 I L997 L999 90
    LOCALVARIABLE $i$a$-cache-TodoEditorKt$TodoEditorDialog$1$1$1$1$21$1$1\141\2465\138 I L1063 L1064 141
    LOCALVARIABLE value\140 Ljava/lang/Object; L1065 L1067 142
    LOCALVARIABLE $i$a$-let-ComposerKt$cache$1\140\2463\139 I L1060 L1068 140
    LOCALVARIABLE it\139 Ljava/lang/Object; L1059 L1068 139
    LOCALVARIABLE $i$f$cache\139\657 I L1058 L1070 138
    LOCALVARIABLE $this$cache\139 Landroidx/compose/runtime/Composer; L1057 L1070 136
    LOCALVARIABLE invalid\139 Z L1057 L1070 137
    LOCALVARIABLE $i$a$-cache-TodoEditorKt$TodoEditorDialog$1$1$1$1$21$1$3\144\2471\138 I L1081 L1082 141
    LOCALVARIABLE value\143 Ljava/lang/Object; L1083 L1085 142
    LOCALVARIABLE $i$a$-let-ComposerKt$cache$1\143\2469\142 I L1078 L1086 140
    LOCALVARIABLE it\142 Ljava/lang/Object; L1077 L1086 139
    LOCALVARIABLE $i$f$cache\142\662 I L1076 L1088 138
    LOCALVARIABLE $this$cache\142 Landroidx/compose/runtime/Composer; L1075 L1088 136
    LOCALVARIABLE invalid\142 Z L1075 L1088 137
    LOCALVARIABLE $i$a$-Row-TodoEditorKt$TodoEditorDialog$1$1$1$1$21$1\138\2438\132 I L1054 L1091 135
    LOCALVARIABLE $this$TodoEditorDialog_u24lambda_u24151_u24lambda_u24150_u24lambda_u24149_u24lambda_u24147_u24lambda_u24132_u24lambda_u24131\138 Landroidx/compose/foundation/layout/RowScope; L1053 L1091 134
    LOCALVARIABLE $composer\138 Landroidx/compose/runtime/Composer; L1053 L1091 133
    LOCALVARIABLE $changed\138 I L1053 L1091 126
    LOCALVARIABLE $i$a$-Layout-RowKt$Row$1\137\2462\133 I L1051 L1093 125
    LOCALVARIABLE $composer\137 Landroidx/compose/runtime/Composer; L1050 L1093 124
    LOCALVARIABLE $changed\137 I L1050 L1093 123
    LOCALVARIABLE $i$a$-ReusableComposeNode-LayoutKt$Layout$1\136\2455\134 I L1042 L1048 122
    LOCALVARIABLE $this$Layout_u24lambda_u240\136 Landroidx/compose/runtime/Composer; L1041 L1048 121
    LOCALVARIABLE $i$f$ReusableComposeNode\135\2445 I L1031 L1097 120
    LOCALVARIABLE factory\135 Lkotlin/jvm/functions/Function0; L1030 L1097 117
    LOCALVARIABLE $composer\135 Landroidx/compose/runtime/Composer; L1030 L1097 118
    LOCALVARIABLE $changed\135 I L1030 L1097 119
    LOCALVARIABLE $i$f$Layout\134\2437 I L1021 L1100 113
    LOCALVARIABLE compositeKeyHash\134 I L1024 L1100 114
    LOCALVARIABLE localMap\134 Landroidx/compose/runtime/CompositionLocalMap; L1026 L1100 115
    LOCALVARIABLE materialized\134 Landroidx/compose/ui/Modifier; L1028 L1100 116
    LOCALVARIABLE modifier\134 Landroidx/compose/ui/Modifier; L1020 L1100 109
    LOCALVARIABLE measurePolicy\134 Landroidx/compose/ui/layout/MeasurePolicy; L1020 L1100 110
    LOCALVARIABLE $composer\134 Landroidx/compose/runtime/Composer; L1020 L1100 111
    LOCALVARIABLE $changed\134 I L1020 L1100 112
    LOCALVARIABLE $i$f$Row\133\655 I L1012 L1103 105
    LOCALVARIABLE measurePolicy\133 Landroidx/compose/ui/layout/MeasurePolicy; L1017 L1103 108
    LOCALVARIABLE modifier\133 Landroidx/compose/ui/Modifier; L1015 L1103 106
    LOCALVARIABLE horizontalArrangement\133 Landroidx/compose/foundation/layout/Arrangement$Horizontal; L1016 L1103 107
    LOCALVARIABLE verticalAlignment\133 Landroidx/compose/ui/Alignment$Vertical; L1011 L1103 102
    LOCALVARIABLE $composer\133 Landroidx/compose/runtime/Composer; L1011 L1103 103
    LOCALVARIABLE $changed\133 I L1011 L1103 104
    LOCALVARIABLE $i$f$getDp\145\673 I L1105 L1106 107
    LOCALVARIABLE $this$dp\145 I L1104 L1106 106
    LOCALVARIABLE $i$a$-forEachIndexed-TodoEditorKt$TodoEditorDialog$1$1$1$1$21\132\2429\15 I L1010 L1108 99
    LOCALVARIABLE index\132 I L1009 L1108 97
    LOCALVARIABLE minutes\132 I L1009 L1108 95
    LOCALVARIABLE item\131 Ljava/lang/Object; L1006 L1110 93
    LOCALVARIABLE $i$f$forEachIndexed\131\654 I L1002 L1111 100
    LOCALVARIABLE index\131 I L1003 L1111 91
    LOCALVARIABLE $this$forEachIndexed\131 Ljava/lang/Iterable; L1001 L1111 90
    LOCALVARIABLE $i$a$-cache-TodoEditorKt$TodoEditorDialog$1$1$1$1$22\148\2483\15 I L1121 L1122 95
    LOCALVARIABLE value\147 Ljava/lang/Object; L1123 L1125 97
    LOCALVARIABLE $i$a$-let-ComposerKt$cache$1\147\2481\146 I L1118 L1126 94
    LOCALVARIABLE it\146 Ljava/lang/Object; L1117 L1126 93
    LOCALVARIABLE $i$f$cache\146\677 I L1116 L1128 92
    LOCALVARIABLE $this$cache\146 Landroidx/compose/runtime/Composer; L1115 L1128 100
    LOCALVARIABLE invalid\146 Z L1115 L1128 91
    LOCALVARIABLE $i$f$getDp\149\710 I L1155 L1156 89
    LOCALVARIABLE $this$dp\149 I L1154 L1156 88
    LOCALVARIABLE $i$a$-cache-TodoEditorKt$TodoEditorDialog$1$1$1$1$23\152\2490\15 I L1166 L1167 93
    LOCALVARIABLE value\151 Ljava/lang/Object; L1169 L1171 94
    LOCALVARIABLE $i$a$-let-ComposerKt$cache$1\151\2488\150 I L1163 L1172 92
    LOCALVARIABLE it\150 Ljava/lang/Object; L1162 L1172 91
    LOCALVARIABLE $i$f$cache\150\714 I L1161 L1174 100
    LOCALVARIABLE $this$cache\150 Landroidx/compose/runtime/Composer; L1160 L1174 89
    LOCALVARIABLE invalid\150 Z L1160 L1174 90
    LOCALVARIABLE $i$a$-cache-TodoEditorKt$TodoEditorDialog$1$1$1$1$24\155\2496\15 I L1182 L1183 93
    LOCALVARIABLE value\154 Ljava/lang/Object; L1185 L1187 94
    LOCALVARIABLE $i$a$-let-ComposerKt$cache$1\154\2494\153 I L1179 L1188 92
    LOCALVARIABLE it\153 Ljava/lang/Object; L1178 L1188 91
    LOCALVARIABLE $i$f$cache\153\715 I L1177 L1190 100
    LOCALVARIABLE $this$cache\153 Landroidx/compose/runtime/Composer; L1176 L1190 89
    LOCALVARIABLE invalid\153 Z L1176 L1190 90
    LOCALVARIABLE $i$a$-cache-TodoEditorKt$TodoEditorDialog$1$1$1$1$25\158\2502\15 I L1203 L1204 93
    LOCALVARIABLE value\157 Ljava/lang/Object; L1206 L1208 94
    LOCALVARIABLE $i$a$-let-ComposerKt$cache$1\157\2500\156 I L1200 L1209 92
    LOCALVARIABLE it\156 Ljava/lang/Object; L1199 L1209 91
    LOCALVARIABLE $i$f$cache\156\721 I L1198 L1211 100
    LOCALVARIABLE $this$cache\156 Landroidx/compose/runtime/Composer; L1197 L1211 89
    LOCALVARIABLE invalid\156 Z L1197 L1211 90
    LOCALVARIABLE $i$a$-cache-TodoEditorKt$TodoEditorDialog$1$1$1$1$26\161\2508\15 I L1219 L1220 93
    LOCALVARIABLE value\160 Ljava/lang/Object; L1222 L1224 94
    LOCALVARIABLE $i$a$-let-ComposerKt$cache$1\160\2506\159 I L1216 L1225 92
    LOCALVARIABLE it\159 Ljava/lang/Object; L1215 L1225 91
    LOCALVARIABLE $i$f$cache\159\722 I L1214 L1227 100
    LOCALVARIABLE $this$cache\159 Landroidx/compose/runtime/Composer; L1213 L1227 89
    LOCALVARIABLE invalid\159 Z L1213 L1227 90
    LOCALVARIABLE $i$a$-cache-TodoEditorKt$TodoEditorDialog$1$1$1$1$27\164\2514\15 I L1235 L1236 93
    LOCALVARIABLE value\163 Ljava/lang/Object; L1238 L1240 94
    LOCALVARIABLE $i$a$-let-ComposerKt$cache$1\163\2512\162 I L1232 L1241 92
    LOCALVARIABLE it\162 Ljava/lang/Object; L1231 L1241 91
    LOCALVARIABLE $i$f$cache\162\723 I L1230 L1243 100
    LOCALVARIABLE $this$cache\162 Landroidx/compose/runtime/Composer; L1229 L1243 89
    LOCALVARIABLE invalid\162 Z L1229 L1243 90
    LOCALVARIABLE $i$a$-cache-TodoEditorKt$TodoEditorDialog$1$1$1$1$28\167\2520\15 I L1263 L1264 93
    LOCALVARIABLE value\166 Ljava/lang/Object; L1266 L1268 94
    LOCALVARIABLE $i$a$-let-ComposerKt$cache$1\166\2518\165 I L1260 L1269 92
    LOCALVARIABLE it\165 Ljava/lang/Object; L1259 L1269 91
    LOCALVARIABLE $i$f$cache\165\738 I L1258 L1271 100
    LOCALVARIABLE $this$cache\165 Landroidx/compose/runtime/Composer; L1257 L1271 89
    LOCALVARIABLE invalid\165 Z L1257 L1271 90
    LOCALVARIABLE $i$a$-Column-TodoEditorKt$TodoEditorDialog$1$1$1$1\15\2079\6 I L122 L1275 87
    LOCALVARIABLE $this$TodoEditorDialog_u24lambda_u24151_u24lambda_u24150_u24lambda_u24149_u24lambda_u24147\15 Landroidx/compose/foundation/layout/ColumnScope; L121 L1275 86
    LOCALVARIABLE $composer\15 Landroidx/compose/runtime/Composer; L121 L1275 85
    LOCALVARIABLE $changed\15 I L121 L1275 84
    LOCALVARIABLE $i$a$-Layout-ColumnKt$Column$1\14\2103\10 I L119 L1277 83
    LOCALVARIABLE $composer\14 Landroidx/compose/runtime/Composer; L118 L1277 82
    LOCALVARIABLE $changed\14 I L118 L1277 81
    LOCALVARIABLE $i$a$-ReusableComposeNode-LayoutKt$Layout$1\13\2096\11 I L110 L116 80
    LOCALVARIABLE $this$Layout_u24lambda_u240\13 Landroidx/compose/runtime/Composer; L109 L116 79
    LOCALVARIABLE $i$f$ReusableComposeNode\12\2086 I L99 L1281 78
    LOCALVARIABLE factory\12 Lkotlin/jvm/functions/Function0; L98 L1281 75
    LOCALVARIABLE $composer\12 Landroidx/compose/runtime/Composer; L98 L1281 76
    LOCALVARIABLE $changed\12 I L98 L1281 77
    LOCALVARIABLE $i$f$Layout\11\2078 I L89 L1284 71
    LOCALVARIABLE compositeKeyHash\11 I L92 L1284 72
    LOCALVARIABLE localMap\11 Landroidx/compose/runtime/CompositionLocalMap; L94 L1284 73
    LOCALVARIABLE materialized\11 Landroidx/compose/ui/Modifier; L96 L1284 74
    LOCALVARIABLE modifier\11 Landroidx/compose/ui/Modifier; L88 L1284 67
    LOCALVARIABLE measurePolicy\11 Landroidx/compose/ui/layout/MeasurePolicy; L88 L1284 68
    LOCALVARIABLE $composer\11 Landroidx/compose/runtime/Composer; L88 L1284 69
    LOCALVARIABLE $changed\11 I L88 L1284 70
    LOCALVARIABLE $i$f$Column\10\397 I L80 L1287 64
    LOCALVARIABLE measurePolicy\10 Landroidx/compose/ui/layout/MeasurePolicy; L85 L1287 66
    LOCALVARIABLE modifier\10 Landroidx/compose/ui/Modifier; L79 L1287 60
    LOCALVARIABLE verticalArrangement\10 Landroidx/compose/foundation/layout/Arrangement$Vertical; L83 L1287 61
    LOCALVARIABLE horizontalAlignment\10 Landroidx/compose/ui/Alignment$Horizontal; L84 L1287 65
    LOCALVARIABLE $composer\10 Landroidx/compose/runtime/Composer; L79 L1287 62
    LOCALVARIABLE $changed\10 I L79 L1287 63
    LOCALVARIABLE $i$a$-cache-TodoEditorKt$TodoEditorDialog$1$1$1$2\170\2530\6 I L1295 L1296 66
    LOCALVARIABLE value\169 Ljava/lang/Object; L1297 L1299 67
    LOCALVARIABLE $i$a$-let-ComposerKt$cache$1\169\2528\168 I L1292 L1300 64
    LOCALVARIABLE it\168 Ljava/lang/Object; L1291 L1300 63
    LOCALVARIABLE $i$f$cache\168\746 I L1290 L1302 62
    LOCALVARIABLE $this$cache\168 Landroidx/compose/runtime/Composer; L1289 L1302 61
    LOCALVARIABLE invalid\168 Z L1289 L1302 65
    LOCALVARIABLE $i$a$-Column-TodoEditorKt$TodoEditorDialog$1$1$1\6\2045\0 I L52 L1305 59
    LOCALVARIABLE $this$TodoEditorDialog_u24lambda_u24151_u24lambda_u24150_u24lambda_u24149\6 Landroidx/compose/foundation/layout/ColumnScope; L51 L1305 58
    LOCALVARIABLE $composer\6 Landroidx/compose/runtime/Composer; L51 L1305 57
    LOCALVARIABLE $changed\6 I L51 L1305 56
    LOCALVARIABLE $i$a$-Layout-ColumnKt$Column$1\5\2069\1 I L49 L1307 55
    LOCALVARIABLE $composer\5 Landroidx/compose/runtime/Composer; L48 L1307 54
    LOCALVARIABLE $changed\5 I L48 L1307 53
    LOCALVARIABLE $i$a$-ReusableComposeNode-LayoutKt$Layout$1\4\2062\2 I L40 L46 52
    LOCALVARIABLE $this$Layout_u24lambda_u240\4 Landroidx/compose/runtime/Composer; L39 L46 51
    LOCALVARIABLE $i$f$ReusableComposeNode\3\2052 I L29 L1311 50
    LOCALVARIABLE factory\3 Lkotlin/jvm/functions/Function0; L28 L1311 47
    LOCALVARIABLE $composer\3 Landroidx/compose/runtime/Composer; L28 L1311 48
    LOCALVARIABLE $changed\3 I L28 L1311 49
    LOCALVARIABLE $i$f$Layout\2\2044 I L19 L1314 43
    LOCALVARIABLE compositeKeyHash\2 I L22 L1314 44
    LOCALVARIABLE localMap\2 Landroidx/compose/runtime/CompositionLocalMap; L24 L1314 45
    LOCALVARIABLE materialized\2 Landroidx/compose/ui/Modifier; L26 L1314 46
    LOCALVARIABLE modifier\2 Landroidx/compose/ui/Modifier; L18 L1314 39
    LOCALVARIABLE measurePolicy\2 Landroidx/compose/ui/layout/MeasurePolicy; L18 L1314 40
    LOCALVARIABLE $composer\2 Landroidx/compose/runtime/Composer; L18 L1314 41
    LOCALVARIABLE $changed\2 I L18 L1314 42
    LOCALVARIABLE $i$f$Column\1\380 I L10 L1317 37
    LOCALVARIABLE measurePolicy\1 Landroidx/compose/ui/layout/MeasurePolicy; L15 L1317 38
    LOCALVARIABLE modifier\1 Landroidx/compose/ui/Modifier; L9 L1317 32
    LOCALVARIABLE verticalArrangement\1 Landroidx/compose/foundation/layout/Arrangement$Vertical; L13 L1317 33
    LOCALVARIABLE horizontalAlignment\1 Landroidx/compose/ui/Alignment$Horizontal; L14 L1317 34
    LOCALVARIABLE $composer\1 Landroidx/compose/runtime/Composer; L9 L1317 35
    LOCALVARIABLE $changed\1 I L9 L1317 36
    LOCALVARIABLE $initial Lcom/muddassir/clearview/todo/model/TodoItem; L0 L1320 0
    LOCALVARIABLE $onDismiss Lkotlin/jvm/functions/Function0; L0 L1320 1
    LOCALVARIABLE $today Ljava/time/LocalDate; L0 L1320 2
    LOCALVARIABLE $onSave Lkotlin/jvm/functions/Function1; L0 L1320 3
    LOCALVARIABLE $notificationPermLauncher Landroidx/activity/compose/ManagedActivityResultLauncher; L0 L1320 4
    LOCALVARIABLE $pickAlarmSound Landroidx/activity/compose/ManagedActivityResultLauncher; L0 L1320 5
    LOCALVARIABLE $title$delegate Landroidx/compose/runtime/MutableState; L0 L1320 6
    LOCALVARIABLE $titleError$delegate Landroidx/compose/runtime/MutableState; L0 L1320 7
    LOCALVARIABLE $details$delegate Landroidx/compose/runtime/MutableState; L0 L1320 8
    LOCALVARIABLE $type$delegate Landroidx/compose/runtime/MutableState; L0 L1320 9
    LOCALVARIABLE $behavior$delegate Landroidx/compose/runtime/MutableState; L0 L1320 10
    LOCALVARIABLE $targetDurationMinutes$delegate Landroidx/compose/runtime/MutableState; L0 L1320 11
    LOCALVARIABLE $choice$delegate Landroidx/compose/runtime/MutableState; L0 L1320 12
    LOCALVARIABLE $period$delegate Landroidx/compose/runtime/MutableState; L0 L1320 13
    LOCALVARIABLE $startDate$delegate Landroidx/compose/runtime/MutableState; L0 L1320 14
    LOCALVARIABLE $endDate$delegate Landroidx/compose/runtime/MutableState; L0 L1320 15
    LOCALVARIABLE $dateTarget$delegate Landroidx/compose/runtime/MutableState; L0 L1320 16
    LOCALVARIABLE $selectedDays$delegate Landroidx/compose/runtime/MutableState; L0 L1320 17
    LOCALVARIABLE $timeChoice$delegate Landroidx/compose/runtime/MutableState; L0 L1320 18
    LOCALVARIABLE $reminderTimes$delegate Landroidx/compose/runtime/MutableState; L0 L1320 19
    LOCALVARIABLE $timeStartMinutes$delegate Landroidx/compose/runtime/MutableState; L0 L1320 20
    LOCALVARIABLE $timeEndMinutes$delegate Landroidx/compose/runtime/MutableState; L0 L1320 21
    LOCALVARIABLE $rangeReminderCount$delegate Landroidx/compose/runtime/MutableState; L0 L1320 22
    LOCALVARIABLE $timeMinutes$delegate Landroidx/compose/runtime/MutableState; L0 L1320 23
    LOCALVARIABLE $timeTarget$delegate Landroidx/compose/runtime/MutableState; L0 L1320 24
    LOCALVARIABLE $strictInterval$delegate Landroidx/compose/runtime/MutableState; L0 L1320 25
    LOCALVARIABLE $reminderStyle$delegate Landroidx/compose/runtime/MutableState; L0 L1320 26
    LOCALVARIABLE $alarmMinutes$delegate Landroidx/compose/runtime/MutableState; L0 L1320 27
    LOCALVARIABLE $alarmUri$delegate Landroidx/compose/runtime/MutableState; L0 L1320 28
    LOCALVARIABLE $priority$delegate Landroidx/compose/runtime/MutableState; L0 L1320 29
    LOCALVARIABLE $composer Landroidx/compose/runtime/Composer; L0 L1320 30
    LOCALVARIABLE $changed I L0 L1320 31
    MAXSTACK = 28
    MAXLOCALS = 168

File is unknown
The root cause java.lang.OutOfMemoryError was thrown at: org.jetbrains.org.objectweb.asm.tree.analysis.Frame.<init>(Frame.java:96)
	at org.jetbrains.kotlin.codegen.TransformationMethodVisitor.visitEnd(TransformationMethodVisitor.kt:89)
	at org.jetbrains.org.objectweb.asm.MethodVisitor.visitEnd(MethodVisitor.java:796)
	at org.jetbrains.org.objectweb.asm.tree.MethodNode.accept(MethodNode.java:770)
	at org.jetbrains.kotlin.backend.jvm.codegen.ClassCodegen.generateMethod(ClassCodegen.kt:469)
	at org.jetbrains.kotlin.backend.jvm.codegen.ClassCodegen.generate(ClassCodegen.kt:164)
	at org.jetbrains.kotlin.backend.jvm.JvmIrCodegenFactory.generateFile(JvmIrCodegenFactory.kt:419)
	at org.jetbrains.kotlin.backend.jvm.JvmIrCodegenFactory.invokeCodegen(JvmIrCodegenFactory.kt:388)
	at org.jetbrains.kotlin.cli.jvm.compiler.KotlinToJVMBytecodeCompiler.runCodegen$cli(KotlinToJVMBytecodeCompiler.kt:431)
	at org.jetbrains.kotlin.cli.pipeline.jvm.JvmBackendPipelinePhase.executePhase(JvmBackendPipelinePhase.kt:95)
	at org.jetbrains.kotlin.cli.pipeline.jvm.JvmBackendPipelinePhase.executePhase(JvmBackendPipelinePhase.kt:36)
	at org.jetbrains.kotlin.cli.pipeline.jvm.JvmBackendPipelinePhase.executePhase(JvmBackendPipelinePhase.kt:29)
	at org.jetbrains.kotlin.cli.pipeline.PipelinePhase.phaseBody(PipelinePhase.kt:68)
	at org.jetbrains.kotlin.cli.pipeline.PipelinePhase.phaseBody(PipelinePhase.kt:58)
	at org.jetbrains.kotlin.config.phaser.NamedCompilerPhase.invoke(CompilerPhase.kt:102)
	at org.jetbrains.kotlin.backend.common.phaser.CompositePhase.invoke(PhaseBuilders.kt:22)
	at org.jetbrains.kotlin.config.phaser.CompilerPhaseKt.invokeToplevel(CompilerPhase.kt:53)
	at org.jetbrains.kotlin.cli.pipeline.AbstractCliPipeline.runPhasedPipeline(AbstractCliPipeline.kt:109)
	at org.jetbrains.kotlin.cli.pipeline.AbstractCliPipeline.execute(AbstractCliPipeline.kt:68)
	at org.jetbrains.kotlin.cli.jvm.K2JVMCompiler.doExecutePhased(K2JVMCompiler.kt:78)
	at org.jetbrains.kotlin.cli.jvm.K2JVMCompiler.doExecutePhased(K2JVMCompiler.kt:44)
	at org.jetbrains.kotlin.cli.common.CLICompiler.execImpl(CLICompiler.kt:90)
	at org.jetbrains.kotlin.cli.common.CLICompiler.exec(CLICompiler.kt:352)
	at org.jetbrains.kotlin.incremental.IncrementalJvmCompilerRunnerBase.runCompiler(IncrementalJvmCompilerRunnerBase.kt:175)
	at org.jetbrains.kotlin.incremental.IncrementalJvmCompilerRunnerBase.runCompiler(IncrementalJvmCompilerRunnerBase.kt:38)
	at org.jetbrains.kotlin.incremental.IncrementalCompilerRunner.doCompile(IncrementalCompilerRunner.kt:504)
	at org.jetbrains.kotlin.incremental.IncrementalCompilerRunner.compileImpl(IncrementalCompilerRunner.kt:421)
	at org.jetbrains.kotlin.incremental.IncrementalCompilerRunner.compileNonIncrementally(IncrementalCompilerRunner.kt:306)
	at org.jetbrains.kotlin.incremental.IncrementalCompilerRunner.compile(IncrementalCompilerRunner.kt:133)
	at org.jetbrains.kotlin.daemon.CompileServiceImplBase.execIncrementalCompiler(CompileServiceImpl.kt:679)
	at org.jetbrains.kotlin.daemon.CompileServiceImplBase.access$execIncrementalCompiler(CompileServiceImpl.kt:93)
	at org.jetbrains.kotlin.daemon.CompileServiceImpl.compile(CompileServiceImpl.kt:1806)
	at java.base/jdk.internal.reflect.DirectMethodHandleAccessor.invoke(DirectMethodHandleAccessor.java:103)
	at java.base/java.lang.reflect.Method.invoke(Method.java:580)
	at java.rmi/sun.rmi.server.UnicastServerRef.dispatch(UnicastServerRef.java:360)
	at java.rmi/sun.rmi.transport.Transport$1.run(Transport.java:200)
	at java.rmi/sun.rmi.transport.Transport$1.run(Transport.java:197)
	at java.base/java.security.AccessController.doPrivileged(AccessController.java:714)
	at java.rmi/sun.rmi.transport.Transport.serviceCall(Transport.java:196)
	at java.rmi/sun.rmi.transport.tcp.TCPTransport.handleMessages(TCPTransport.java:598)
	at java.rmi/sun.rmi.transport.tcp.TCPTransport$ConnectionHandler.run0(TCPTransport.java:844)
	at java.rmi/sun.rmi.transport.tcp.TCPTransport$ConnectionHandler.lambda$run$0(TCPTransport.java:721)
	at java.base/java.security.AccessController.doPrivileged(AccessController.java:400)
	at java.rmi/sun.rmi.transport.tcp.TCPTransport$ConnectionHandler.run(TCPTransport.java:720)
	at java.base/java.util.concurrent.ThreadPoolExecutor.runWorker(ThreadPoolExecutor.java:1144)
	at java.base/java.util.concurrent.ThreadPoolExecutor$Worker.run(ThreadPoolExecutor.java:642)
	at java.base/java.lang.Thread.run(Thread.java:1583)
Caused by: java.lang.OutOfMemoryError: GC overhead limit exceeded
	at org.jetbrains.org.objectweb.asm.tree.analysis.Frame.<init>(Frame.java:96)
	at org.jetbrains.kotlin.codegen.optimization.fixStack.FixStackAnalyzer$FixStackFrame.<init>(FixStackAnalyzer.kt:98)
	at org.jetbrains.kotlin.codegen.optimization.fixStack.FixStackAnalyzer.analyzer$lambda$0(FixStackAnalyzer.kt:46)
	at org.jetbrains.kotlin.codegen.optimization.fixStack.FixStackAnalyzer$$Lambda/0x0000026d819e8e38.invoke(Unknown Source)
	at org.jetbrains.kotlin.codegen.optimization.common.FastAnalyzer.fastMergeControlFlowEdge(FastAnalyzer.kt:256)
	at org.jetbrains.kotlin.codegen.optimization.common.FastAnalyzer.mergeControlFlowEdge(FastAnalyzer.kt:214)
	at org.jetbrains.kotlin.codegen.optimization.common.FastAnalyzer.processControlFlowEdge(FastAnalyzer.kt:208)
	at org.jetbrains.kotlin.codegen.optimization.common.FastAnalyzer.processControlFlowEdge$default(FastAnalyzer.kt:206)
	at org.jetbrains.kotlin.codegen.optimization.common.FastAnalyzer.visitOpInsn(FastAnalyzer.kt:292)
	at org.jetbrains.kotlin.codegen.optimization.common.FastAnalyzer.visitMeaningfulInstruction(FastAnalyzer.kt:281)
	at org.jetbrains.kotlin.codegen.optimization.common.FastAnalyzer.analyzeInstruction(FastAnalyzer.kt:113)
	at org.jetbrains.kotlin.codegen.optimization.common.FastAnalyzer.analyzeMainLoop(FastAnalyzer.kt:74)
	at org.jetbrains.kotlin.codegen.optimization.common.FastAnalyzer.analyze(FastAnalyzer.kt:53)
	at org.jetbrains.kotlin.codegen.optimization.fixStack.FixStackAnalyzer.analyze(FixStackAnalyzer.kt:60)
	at org.jetbrains.kotlin.codegen.optimization.fixStack.FixStackMethodTransformer.analyzeAndTransformSaveRestoreStack(FixStackMethodTransformer.kt:68)
	at org.jetbrains.kotlin.codegen.optimization.fixStack.FixStackMethodTransformer.transform(FixStackMethodTransformer.kt:46)
	at org.jetbrains.kotlin.codegen.optimization.transformer.CompositeMethodTransformer.transform(CompositeMethodTransformer.kt:25)
	at org.jetbrains.kotlin.codegen.optimization.transformer.CompositeMethodTransformer.transform(CompositeMethodTransformer.kt:25)
	at org.jetbrains.kotlin.codegen.optimization.OptimizationMethodVisitor.performTransformations(OptimizationMethodVisitor.kt:70)
	at org.jetbrains.kotlin.codegen.TransformationMethodVisitor.visitEnd(TransformationMethodVisitor.kt:67)
	at org.jetbrains.org.objectweb.asm.MethodVisitor.visitEnd(MethodVisitor.java:796)
	at org.jetbrains.org.objectweb.asm.tree.MethodNode.accept(MethodNode.java:770)
	at org.jetbrains.kotlin.backend.jvm.codegen.ClassCodegen.generateMethod(ClassCodegen.kt:469)
	at org.jetbrains.kotlin.backend.jvm.codegen.ClassCodegen.generate(ClassCodegen.kt:164)
	at org.jetbrains.kotlin.backend.jvm.JvmIrCodegenFactory.generateFile(JvmIrCodegenFactory.kt:419)
	at org.jetbrains.kotlin.backend.jvm.JvmIrCodegenFactory.invokeCodegen(JvmIrCodegenFactory.kt:388)
	at org.jetbrains.kotlin.cli.jvm.compiler.KotlinToJVMBytecodeCompiler.runCodegen$cli(KotlinToJVMBytecodeCompiler.kt:431)
	at org.jetbrains.kotlin.cli.pipeline.jvm.JvmBackendPipelinePhase.executePhase(JvmBackendPipelinePhase.kt:95)
	at org.jetbrains.kotlin.cli.pipeline.jvm.JvmBackendPipelinePhase.executePhase(JvmBackendPipelinePhase.kt:36)
	at org.jetbrains.kotlin.cli.pipeline.jvm.JvmBackendPipelinePhase.executePhase(JvmBackendPipelinePhase.kt:29)
	at org.jetbrains.kotlin.cli.pipeline.PipelinePhase.phaseBody(PipelinePhase.kt:68)
	at org.jetbrains.kotlin.cli.pipeline.PipelinePhase.phaseBody(PipelinePhase.kt:58)


